episode,steps,return
1,200,-641.0
2,200,-659.0
3,200,-632.0
4,200,-641.0
5,200,-695.0
6,200,-659.0
7,200,-551.0
8,200,-659.0
9,187,-418.0
10,200,-578.0
11,200,-470.0
12,200,-308.0
13,200,-281.0
14,200,-479.0
15,164,-215.0
16,200,-389.0
17,200,-335.0
18,200,-587.0
19,200,-416.0
20,200,-407.0
21,200,-326.0
22,200,-614.0
23,200,-605.0
24,200,-335.0
25,200,-317.0
26,200,-326.0
27,200,-380.0
28,200,-317.0
29,200,-299.0
30,200,-668.0
31,200,-299.0
32,200,-290.0
33,200,-398.0
34,200,-452.0
35,200,-308.0
36,117,-222.0
37,200,-398.0
38,46,-43.0
39,200,-326.0
40,200,-335.0
41,200,-344.0
42,91,-169.0
43,196,-283.0
44,28,-16.0
45,200,-290.0
46,200,-245.0
47,200,-335.0
48,200,-335.0
49,200,-326.0
50,106,-166.0
51,200,-371.0
52,200,-335.0
53,97,-103.0
54,200,-299.0
55,200,-398.0
56,200,-308.0
57,200,-371.0
58,200,-290.0
59,200,-263.0
60,200,-326.0
61,200,-290.0
62,200,-623.0
63,200,-299.0
64,200,-515.0
65,185,-272.0
66,200,-344.0
67,200,-416.0
68,200,-461.0
69,134,-185.0
70,200,-326.0
71,200,-299.0
72,200,-344.0
73,200,-326.0
74,200,-317.0
75,200,-389.0
76,117,-159.0
77,114,-165.0
78,200,-398.0
79,200,-326.0
80,162,-240.0
81,200,-362.0
82,200,-290.0
83,200,-308.0
84,200,-326.0
85,200,-335.0
86,200,-389.0
87,109,-142.0
88,200,-353.0
89,94,-136.0
90,200,-353.0
91,200,-389.0
92,200,-425.0
93,200,-335.0
94,146,-197.0
95,200,-398.0
96,120,-207.0
97,200,-317.0
98,86,-128.0
99,200,-254.0
100,200,-299.0
101,200,-317.0
102,200,-326.0
103,200,-344.0
104,200,-344.0
105,200,-353.0
106,200,-326.0
107,200,-308.0
108,109,-115.0
109,200,-461.0
110,114,-192.0
111,200,-326.0
112,159,-228.0
113,200,-398.0
114,200,-389.0
115,200,-326.0
116,200,-344.0
117,200,-335.0
118,200,-299.0
119,122,-191.0
120,200,-290.0
121,200,-335.0
122,200,-281.0
123,200,-326.0
124,183,-279.0
125,200,-326.0
126,150,-237.0
127,200,-290.0
128,200,-317.0
129,200,-371.0
130,200,-362.0
131,200,-326.0
132,200,-281.0
133,200,-281.0
134,170,-221.0
135,20,1.0
136,200,-317.0
137,200,-317.0
138,195,-363.0
139,58,-82.0
140,200,-272.0
141,130,-145.0
142,200,-254.0
143,200,-380.0
144,200,-326.0
145,141,-183.0
146,138,-171.0
147,200,-290.0
148,94,-136.0
149,154,-223.0
150,200,-344.0
151,136,-196.0
152,200,-308.0
153,163,-223.0
154,200,-308.0
155,200,-353.0
156,44,-50.0
157,71,-86.0
158,200,-362.0
159,191,-251.0
160,200,-299.0
161,163,-223.0
162,200,-299.0
163,200,-335.0
164,200,-272.0
165,200,-326.0
166,200,-335.0
167,137,-206.0
168,120,-162.0
169,113,-191.0
170,200,-308.0
171,122,-128.0
172,200,-281.0
173,200,-317.0
174,200,-290.0
175,113,-173.0
176,146,-197.0
177,200,-308.0
178,35,-50.0
179,200,-344.0
180,200,-299.0
181,43,-49.0
182,142,-202.0
183,175,-235.0
184,200,-281.0
185,200,-290.0
186,37,-34.0
187,200,-344.0
188,200,-362.0
189,200,-380.0
190,105,-174.0
191,54,-51.0
192,188,-248.0
193,114,-138.0
194,200,-380.0
195,88,-121.0
196,167,-353.0
197,200,-425.0
198,185,-308.0
199,162,-249.0
200,200,-326.0
201,157,-244.0
202,200,-389.0
203,15,-3.0
204,156,-198.0
205,67,-64.0
206,53,-59.0
207,200,-353.0
208,50,-38.0
209,67,-55.0
210,200,-272.0
211,200,-299.0
212,124,-175.0
213,83,-80.0
214,140,-209.0
215,200,-317.0
216,127,-151.0
217,81,-141.0
218,200,-245.0
219,164,-215.0
220,163,-250.0
221,200,-353.0
222,200,-335.0
223,200,-317.0
224,200,-353.0
225,152,-203.0
226,189,-276.0
227,200,-281.0
228,200,-335.0
229,200,-344.0
230,192,-369.0
231,135,-222.0
232,88,-130.0
233,70,-103.0
234,163,-205.0
235,64,-61.0
236,175,-271.0
237,111,-144.0
238,168,-255.0
239,200,-290.0
240,192,-288.0
241,200,-299.0
242,200,-290.0
243,21,0.0
244,89,-140.0
245,92,-80.0
246,169,-256.0
247,148,-244.0
248,121,-190.0
249,200,-362.0
250,200,-281.0
251,134,-203.0
252,106,-166.0
253,39,-36.0
254,200,-335.0
255,200,-353.0
256,130,-145.0
257,99,-177.0
258,101,-143.0
259,200,-353.0
260,200,-272.0
261,99,-150.0
262,200,-308.0
263,200,-290.0
264,131,-164.0
265,85,-100.0
266,22,-10.0
267,33,-12.0
268,106,-166.0
269,199,-250.0
270,200,-317.0
271,88,-103.0
272,200,-299.0
273,200,-362.0
274,115,-148.0
275,200,-380.0
276,200,-335.0
277,136,-160.0
278,17,-14.0
279,88,-112.0
280,200,-272.0
281,184,-271.0
282,14,7.0
283,178,-256.0
284,156,-225.0
285,49,-73.0
286,200,-344.0
287,178,-220.0
288,200,-290.0
289,81,-105.0
290,96,-129.0
291,200,-317.0
292,88,-85.0
293,60,-84.0
294,42,-66.0
295,79,-94.0
296,118,-187.0
297,200,-317.0
298,200,-308.0
299,152,-248.0
300,183,-261.0
301,200,-344.0
302,171,-294.0
303,117,-159.0
304,82,-106.0
305,46,-61.0
306,104,-164.0
307,113,-137.0
308,117,-150.0
309,62,-41.0
310,200,-308.0
311,173,-287.0
312,200,-362.0
313,122,-128.0
314,12,9.0
315,123,-174.0
316,36,-42.0
317,182,-233.0
318,15,-3.0
319,117,-141.0
320,127,-142.0
321,15,6.0
322,134,-185.0
323,127,-214.0
324,31,-28.0
325,38,-53.0
326,63,-87.0
327,136,-232.0
328,161,-221.0
329,200,-326.0
330,34,-22.0
331,126,-168.0
332,200,-281.0
333,172,-349.0
334,72,-69.0
335,91,-133.0
336,132,-183.0
337,118,-169.0
338,30,-18.0
339,60,-66.0
340,10,11.0
341,9,12.0
342,185,-281.0
343,114,-156.0
344,42,-57.0
345,104,-137.0
346,121,-199.0
347,60,-66.0
348,161,-257.0
349,118,-169.0
350,148,-235.0
351,36,-24.0
352,87,-102.0
353,63,-51.0
354,200,-317.0
355,187,-283.0
356,51,-39.0
357,200,-269.0
358,73,-61.0
359,78,-84.0
360,185,-263.0
361,165,-189.0
362,95,-146.0
363,81,-87.0
364,200,-317.0
365,64,-88.0
366,63,-87.0
367,164,-233.0
368,8,13.0
369,197,-293.0
370,137,-179.0
371,71,-77.0
372,63,-78.0
373,80,-113.0
374,172,-223.0
375,171,-213.0
376,52,-31.0
377,70,-103.0
378,118,-196.0
379,11,1.0
380,200,-299.0
381,60,-57.0
382,56,-89.0
383,200,-317.0
384,89,-113.0
385,39,-45.0
386,127,-187.0
387,108,-150.0
388,42,-30.0
389,135,-168.0
390,138,-216.0
391,22,-1.0
392,118,-133.0
393,90,-123.0
394,200,-254.0
395,40,-46.0
396,200,-380.0
397,140,-191.0
398,49,-46.0
399,90,-195.0
400,56,-71.0
401,91,-124.0
402,64,-97.0
403,100,-142.0
404,137,-242.0
405,131,-155.0
406,126,-177.0
407,50,-56.0
408,200,-290.0
409,151,-211.0
410,54,-60.0
411,176,-236.0
412,56,-44.0
413,77,-146.0
414,105,-165.0
415,165,-306.0
416,152,-176.0
417,95,-137.0
418,73,-88.0
419,192,-378.0
420,33,-21.0
421,186,-300.0
422,90,-168.0
423,103,-127.0
424,70,-67.0
425,31,-28.0
426,100,-142.0
427,166,-280.0
428,16,5.0
429,19,-7.0
430,153,-186.0
431,45,-33.0
432,130,-190.0
433,79,-139.0
434,200,-380.0
435,29,-17.0
436,11,1.0
437,90,-96.0
438,200,-299.0
439,9,3.0
440,89,-113.0
441,77,-65.0
442,92,-143.0
443,64,-115.0
444,66,-99.0
445,122,-200.0
446,200,-398.0
447,175,-280.0
448,20,1.0
449,119,-152.0
450,15,-12.0
451,46,-34.0
452,31,-37.0
453,49,-28.0
454,91,-133.0
455,77,-128.0
456,146,-197.0
457,19,-7.0
458,86,-101.0
459,147,-243.0
460,31,-28.0
461,10,11.0
462,200,-335.0
463,23,-20.0
464,63,-78.0
465,121,-163.0
466,88,-121.0
467,38,-53.0
468,135,-168.0
469,28,-25.0
470,87,-138.0
471,26,-23.0
472,35,-23.0
473,80,-113.0
474,118,-160.0
475,82,-61.0
476,92,-125.0
477,176,-227.0
478,24,-3.0
479,91,-142.0
480,24,-12.0
481,12,9.0
482,93,-108.0
483,81,-114.0
484,45,-51.0
485,28,-25.0
486,16,-4.0
487,57,-81.0
488,25,-4.0
489,164,-296.0
490,53,-50.0
491,18,-6.0
492,124,-184.0
493,48,-27.0
494,105,-156.0
495,74,-98.0
496,127,-142.0
497,88,-148.0
498,83,-62.0
499,18,-6.0
500,124,-175.0
501,32,-29.0
502,66,-81.0
503,131,-173.0
504,91,-106.0
505,33,-12.0
506,65,-71.0
507,10,11.0
508,200,-344.0
509,100,-142.0
510,88,-121.0
511,161,-266.0
512,85,-127.0
513,8,13.0
514,80,-113.0
515,24,-21.0
516,24,-12.0
517,22,-1.0
518,19,-16.0
519,148,-181.0
520,96,-111.0
521,200,-299.0
522,111,-189.0
523,76,-100.0
524,11,1.0
525,94,-118.0
526,166,-244.0
527,50,-47.0
528,16,-4.0
529,86,-110.0
530,41,-56.0
531,159,-210.0
532,43,-58.0
533,99,-141.0
534,24,-21.0
535,12,9.0
536,58,-91.0
537,200,-335.0
538,67,-91.0
539,54,-51.0
540,89,-122.0
541,95,-119.0
542,14,-11.0
543,19,-7.0
544,109,-151.0
545,27,-15.0
546,60,-57.0
547,71,-68.0
548,84,-72.0
549,200,-299.0
550,8,13.0
551,92,-143.0
552,156,-216.0
553,82,-106.0
554,33,-21.0
555,28,-7.0
556,106,-139.0
557,66,-54.0
558,28,-25.0
559,141,-219.0
560,86,-128.0
561,190,-340.0
562,16,5.0
563,38,-44.0
564,42,-30.0
565,169,-229.0
566,70,-67.0
567,150,-219.0
568,27,-15.0
569,15,6.0
570,21,-18.0
571,56,-89.0
572,73,-79.0
573,56,-62.0
574,67,-91.0
575,27,-6.0
576,18,-6.0
577,65,-71.0
578,26,-23.0
579,16,5.0
580,171,-294.0
581,56,-80.0
582,96,-129.0
583,12,9.0
584,104,-182.0
585,11,1.0
586,76,-109.0
587,84,-117.0
588,71,-104.0
589,26,-14.0
590,119,-179.0
591,10,11.0
592,19,-7.0
593,39,-45.0
594,39,-27.0
595,49,-55.0
596,94,-127.0
597,80,-95.0
598,98,-149.0
599,22,-10.0
600,9,3.0
601,125,-185.0
602,88,-130.0
603,56,-44.0
604,172,-250.0
605,31,-37.0
606,16,-13.0
607,63,-87.0
608,18,-6.0
609,10,2.0
610,60,-57.0
611,7,14.0
612,109,-151.0
613,31,-46.0
614,73,-97.0
615,13,-10.0
616,40,-46.0
617,33,-48.0
618,56,-62.0
619,78,-93.0
620,89,-77.0
621,54,-105.0
622,78,-120.0
623,138,-198.0
624,70,-94.0
625,20,-8.0
626,164,-251.0
627,78,-129.0
628,155,-251.0
629,71,-113.0
630,13,8.0
631,26,-5.0
632,194,-326.0
633,39,-54.0
634,25,-13.0
635,168,-309.0
636,46,-34.0
637,76,-109.0
638,38,-26.0
639,36,-42.0
640,49,-100.0
641,31,-28.0
642,37,-61.0
643,85,-100.0
644,14,-2.0
645,45,-51.0
646,196,-238.0
647,56,-98.0
648,14,7.0
649,35,-32.0
650,24,-21.0
651,24,-21.0
652,46,-70.0
653,16,-4.0
654,27,-6.0
655,114,-174.0
656,30,-36.0
657,72,-123.0
658,11,10.0
659,16,5.0
660,61,-85.0
661,34,-49.0
662,15,-12.0
663,53,-59.0
664,95,-128.0
665,51,-57.0
666,14,7.0
667,97,-130.0
668,42,-48.0
669,152,-203.0
670,37,-43.0
671,9,12.0
672,11,10.0
673,106,-148.0
674,15,6.0
675,92,-143.0
676,20,-17.0
677,106,-130.0
678,16,-22.0
679,35,-50.0
680,47,-35.0
681,16,5.0
682,131,-146.0
683,101,-134.0
684,47,-89.0
685,136,-178.0
686,74,-80.0
687,113,-164.0
688,24,-30.0
689,25,-4.0
690,7,14.0
691,38,-35.0
692,77,-110.0
693,74,-98.0
694,136,-205.0
695,41,-20.0
696,127,-169.0
697,41,-56.0
698,78,-120.0
699,28,-25.0
700,45,-51.0
701,8,13.0
702,12,9.0
703,30,-27.0
704,61,-94.0
705,39,-54.0
706,16,5.0
707,51,-57.0
708,15,6.0
709,14,-11.0
710,60,-66.0
711,18,-6.0
712,9,12.0
713,10,11.0
714,25,-22.0
715,16,5.0
716,50,-29.0
717,14,-11.0
718,42,-48.0
719,141,-210.0
720,15,-3.0
721,83,-125.0
722,46,-34.0
723,11,-8.0
724,11,10.0
725,40,-28.0
726,80,-131.0
727,17,-5.0
728,95,-146.0
729,20,-8.0
730,51,-84.0
731,22,-10.0
732,85,-118.0
733,30,-27.0
734,41,-47.0
735,12,9.0
736,13,-1.0
737,16,-4.0
738,54,-60.0
739,37,-61.0
740,59,-56.0
741,11,1.0
742,73,-124.0
743,28,-16.0
744,58,-73.0
745,35,-32.0
746,24,-12.0
747,44,-41.0
748,35,-41.0
749,32,-56.0
750,102,-117.0
751,19,-7.0
752,44,-95.0
753,27,-15.0
754,82,-97.0
755,17,-14.0
756,33,-21.0
757,12,9.0
758,8,13.0
759,10,11.0
760,95,-137.0
761,26,-32.0
762,65,-116.0
763,51,-66.0
764,46,-43.0
765,37,-43.0
766,21,-9.0
767,45,-69.0
768,9,12.0
769,16,-4.0
770,87,-120.0
771,23,-20.0
772,133,-193.0
773,102,-126.0
774,130,-163.0
775,152,-239.0
776,46,-34.0
777,33,-30.0
778,56,-71.0
779,33,-30.0
780,26,-5.0
781,38,-17.0
782,97,-139.0
783,8,13.0
784,66,-81.0
785,55,-52.0
786,65,-89.0
787,16,-4.0
788,25,-22.0
789,64,-97.0
790,26,-32.0
791,50,-65.0
792,28,-16.0
793,14,-2.0
794,67,-100.0
795,22,-1.0
796,14,-2.0
797,44,-32.0
798,34,-22.0
799,10,11.0
800,23,-2.0
801,97,-94.0
802,24,-3.0
803,19,2.0
804,66,-81.0
805,12,0.0
806,36,-15.0
807,10,11.0
808,32,-38.0
809,66,-63.0
810,42,-39.0
811,14,7.0
812,17,4.0
813,28,-25.0
814,32,-56.0
815,16,-4.0
816,11,10.0
817,21,-27.0
818,50,-83.0
819,8,4.0
820,13,8.0
821,116,-176.0
822,12,9.0
823,22,-1.0
824,21,-27.0
825,40,-55.0
826,86,-128.0
827,7,14.0
828,91,-115.0
829,12,9.0
830,116,-140.0
831,25,-31.0
832,11,10.0
833,27,-24.0
834,158,-218.0
835,32,-20.0
836,14,7.0
837,43,-67.0
838,39,-45.0
839,21,0.0
840,14,7.0
841,24,-21.0
842,10,11.0
843,72,-114.0
844,14,7.0
845,16,-4.0
846,11,10.0
847,106,-121.0
848,27,-24.0
849,47,-35.0
850,101,-197.0
851,19,-7.0
852,21,0.0
853,33,-30.0
854,43,-58.0
855,12,9.0
856,45,-24.0
857,96,-147.0
858,54,-69.0
859,36,-24.0
860,38,-62.0
861,85,-127.0
862,39,-45.0
863,89,-140.0
864,19,-16.0
865,96,-147.0
866,13,-28.0
867,15,6.0
868,12,0.0
869,140,-290.0
870,35,-41.0
871,29,-17.0
872,32,-29.0
873,25,-22.0
874,8,13.0
875,32,-29.0
876,10,11.0
877,97,-130.0
878,24,-21.0
879,30,-36.0
880,15,6.0
881,13,8.0
882,9,3.0
883,15,-3.0
884,71,-77.0
885,46,-88.0
886,50,-74.0
887,66,-54.0
888,16,-4.0
889,18,-15.0
890,49,-82.0
891,15,-12.0
892,47,-62.0
893,12,9.0
894,29,-26.0
895,16,-13.0
896,29,-17.0
897,69,-66.0
898,25,-4.0
899,26,-14.0
900,11,10.0
901,53,-86.0
902,11,10.0
903,22,-1.0
904,82,-133.0
905,10,2.0
906,12,9.0
907,57,-81.0
908,22,-10.0
909,15,-12.0
910,19,-7.0
911,31,-55.0
912,32,-20.0
913,15,-3.0
914,13,8.0
915,13,8.0
916,19,-16.0
917,25,-22.0
918,23,-11.0
919,25,-22.0
920,24,-12.0
921,16,-22.0
922,19,-25.0
923,106,-130.0
924,30,-27.0
925,18,-15.0
926,16,-13.0
927,37,-43.0
928,48,-45.0
929,35,-59.0
930,77,-110.0
931,19,-16.0
932,47,-44.0
933,9,12.0
934,21,-9.0
935,42,-66.0
936,60,-93.0
937,14,7.0
938,11,10.0
939,85,-109.0
940,9,12.0
941,37,-52.0
942,12,9.0
943,19,-16.0
944,27,-15.0
945,17,-5.0
946,38,-53.0
947,19,-43.0
948,11,10.0
949,13,8.0
950,12,9.0
951,68,-65.0
952,9,3.0
953,13,-1.0
954,19,2.0
955,61,-85.0
956,31,-55.0
957,37,-25.0
958,36,-33.0
959,28,-7.0
960,11,1.0
961,25,-40.0
962,26,-32.0
963,17,4.0
964,60,-84.0
965,38,-80.0
966,32,-38.0
967,35,-23.0
968,19,2.0
969,13,8.0
970,73,-106.0
971,81,-132.0
972,27,-15.0
973,44,-41.0
974,9,12.0
975,63,-60.0
976,35,-41.0
977,11,10.0
978,44,-95.0
979,99,-114.0
980,19,-16.0
981,43,-58.0
982,13,-10.0
983,85,-109.0
984,14,7.0
985,11,10.0
986,30,-27.0
987,96,-120.0
988,64,-97.0
989,21,0.0
990,37,-43.0
991,26,-14.0
992,11,1.0
993,18,-6.0
994,57,-54.0
995,58,-64.0
996,8,13.0
997,14,7.0
998,16,-4.0
999,16,-4.0
1000,29,-17.0
1001,17,-14.0
1002,92,-107.0
1003,83,-116.0
1004,34,-22.0
1005,58,-64.0
1006,15,-12.0
1007,22,-28.0
1008,11,-8.0
1009,22,-1.0
1010,8,13.0
1011,17,4.0
1012,48,-54.0
1013,31,-19.0
1014,15,-21.0
1015,75,-108.0
1016,11,10.0
1017,32,-20.0
1018,28,-25.0
1019,18,-24.0
1020,85,-91.0
1021,33,-12.0
1022,19,-7.0
1023,66,-108.0
1024,16,-22.0
1025,19,2.0
1026,34,-22.0
1027,14,7.0
1028,36,-42.0
1029,20,-8.0
1030,21,-9.0
1031,19,2.0
1032,21,0.0
1033,54,-51.0
1034,25,-4.0
1035,25,-22.0
1036,15,6.0
1037,19,-7.0
1038,20,-8.0
1039,71,-95.0
1040,29,-17.0
1041,54,-60.0
1042,33,-21.0
1043,29,-35.0
1044,11,1.0
1045,8,13.0
1046,21,-9.0
1047,54,-78.0
1048,25,-4.0
1049,13,-1.0
1050,43,-76.0
1051,25,-13.0
1052,24,-12.0
1053,13,-1.0
1054,13,-1.0
1055,26,-14.0
1056,11,10.0
1057,15,-12.0
1058,10,11.0
1059,49,-46.0
1060,18,-6.0
1061,69,-102.0
1062,13,8.0
1063,26,-23.0
1064,19,2.0
1065,18,-6.0
1066,10,11.0
1067,12,0.0
1068,14,-2.0
1069,20,1.0
1070,46,-43.0
1071,74,-107.0
1072,21,-18.0
1073,41,-29.0
1074,70,-121.0
1075,11,1.0
1076,14,7.0
1077,16,5.0
1078,14,-11.0
1079,18,-6.0
1080,7,14.0
1081,12,9.0
1082,9,3.0
1083,22,-19.0
1084,19,-7.0
1085,22,-19.0
1086,23,-2.0
1087,21,-18.0
1088,18,3.0
1089,17,-5.0
1090,27,-6.0
1091,24,-21.0
1092,27,-33.0
1093,18,-15.0
1094,33,-39.0
1095,25,-40.0
1096,10,11.0
1097,22,-1.0
1098,26,-14.0
1099,27,-15.0
1100,10,-7.0
1101,13,-1.0
1102,19,2.0
1103,12,9.0
1104,79,-148.0
1105,27,-15.0
1106,14,-2.0
1107,11,10.0
1108,12,9.0
1109,15,-3.0
1110,11,1.0
1111,16,-4.0
1112,14,7.0
1113,14,-2.0
1114,12,9.0
1115,24,-12.0
1116,44,-77.0
1117,24,-21.0
1118,38,-26.0
1119,33,-21.0
1120,22,-1.0
1121,23,-11.0
1122,12,0.0
1123,18,-15.0
1124,19,2.0
1125,21,-18.0
1126,24,-3.0
1127,9,12.0
1128,18,-6.0
1129,10,11.0
1130,11,10.0
1131,11,10.0
1132,19,-16.0
1133,11,1.0
1134,7,14.0
1135,26,-32.0
1136,15,-12.0
1137,12,9.0
1138,9,12.0
1139,23,-11.0
1140,49,-37.0
1141,51,-48.0
1142,22,-10.0
1143,12,9.0
1144,24,-30.0
1145,13,-10.0
1146,15,-12.0
1147,12,9.0
1148,27,-24.0
1149,12,9.0
1150,13,-1.0
1151,18,3.0
1152,15,-12.0
1153,13,8.0
1154,18,3.0
1155,18,-6.0
1156,46,-34.0
1157,12,9.0
1158,11,1.0
1159,25,-31.0
1160,9,12.0
1161,36,-42.0
1162,7,14.0
1163,9,12.0
1164,13,-1.0
1165,30,-27.0
1166,37,-25.0
1167,23,-11.0
1168,23,-11.0
1169,8,13.0
1170,13,8.0
1171,24,-3.0
1172,38,-53.0
1173,7,14.0
1174,19,-7.0
1175,17,4.0
1176,16,-13.0
1177,13,8.0
1178,15,6.0
1179,29,-26.0
1180,12,9.0
1181,15,6.0
1182,13,-1.0
1183,14,-2.0
1184,18,-6.0
1185,17,-23.0
1186,6,15.0
1187,34,-31.0
1188,64,-88.0
1189,66,-72.0
1190,13,8.0
1191,18,-6.0
1192,17,4.0
1193,14,-2.0
1194,36,-42.0
1195,34,-31.0
1196,19,2.0
1197,7,14.0
1198,23,-2.0
1199,13,8.0
1200,31,-28.0
1201,14,7.0
1202,12,9.0
1203,17,-32.0
1204,10,11.0
1205,32,-38.0
1206,15,-3.0
1207,12,0.0
1208,39,-18.0
1209,11,10.0
1210,20,-17.0
1211,44,-59.0
1212,43,-40.0
1213,18,-6.0
1214,99,-141.0
1215,11,10.0
1216,37,-43.0
1217,26,-23.0
1218,22,-19.0
1219,18,-6.0
1220,12,9.0
1221,6,15.0
1222,24,-12.0
1223,18,3.0
1224,15,6.0
1225,19,2.0
1226,18,-6.0
1227,17,-14.0
1228,32,-65.0
1229,16,-4.0
1230,11,1.0
1231,19,-16.0
1232,8,13.0
1233,25,-31.0
1234,18,3.0
1235,18,3.0
1236,23,-11.0
1237,12,9.0
1238,16,5.0
1239,49,-73.0
1240,14,7.0
1241,16,5.0
1242,22,-10.0
1243,15,-3.0
1244,37,-43.0
1245,18,-6.0
1246,18,-15.0
1247,19,-7.0
1248,24,-12.0
1249,18,-6.0
1250,18,-6.0
1251,10,2.0
1252,10,-7.0
1253,22,-28.0
1254,50,-47.0
1255,11,1.0
1256,10,11.0
1257,18,3.0
1258,17,-5.0
1259,35,-32.0
1260,12,0.0
1261,23,-20.0
1262,23,-20.0
1263,15,6.0
1264,18,-6.0
1265,19,-25.0
1266,23,-20.0
1267,12,9.0
1268,14,7.0
1269,13,-1.0
1270,25,-22.0
1271,19,-16.0
1272,33,-12.0
1273,17,-5.0
1274,14,-2.0
1275,40,-46.0
1276,16,5.0
1277,18,-6.0
1278,13,8.0
1279,17,4.0
1280,13,8.0
1281,18,-24.0
1282,21,0.0
1283,11,10.0
1284,52,-49.0
1285,27,-42.0
1286,14,7.0
1287,12,0.0
1288,19,-16.0
1289,16,5.0
1290,16,-13.0
1291,12,-9.0
1292,8,13.0
1293,20,-8.0
1294,8,13.0
1295,16,5.0
1296,33,-48.0
1297,10,11.0
1298,13,8.0
1299,55,-52.0
1300,10,-7.0
1301,17,-14.0
1302,17,4.0
1303,16,-13.0
1304,14,-2.0
1305,14,7.0
1306,11,10.0
1307,22,-19.0
1308,25,-4.0
1309,18,-15.0
1310,22,-28.0
1311,10,2.0
1312,16,5.0
1313,13,8.0
1314,31,-28.0
1315,62,-86.0
1316,18,-6.0
1317,26,-41.0
1318,18,-6.0
1319,15,-12.0
1320,26,-5.0
1321,13,-1.0
1322,36,-24.0
1323,21,0.0
1324,18,3.0
1325,18,3.0
1326,14,-11.0
1327,19,-7.0
1328,10,11.0
1329,19,2.0
1330,26,-23.0
1331,71,-113.0
1332,26,-41.0
1333,12,9.0
1334,10,2.0
1335,22,-1.0
1336,23,-11.0
1337,21,-18.0
1338,103,-199.0
1339,13,8.0
1340,22,-1.0
1341,10,11.0
1342,21,-9.0
1343,13,-1.0
1344,24,-21.0
1345,13,-1.0
1346,18,-15.0
1347,16,-4.0
1348,26,-5.0
1349,15,6.0
1350,10,11.0
1351,18,-15.0
1352,30,-45.0
1353,13,8.0
1354,10,2.0
1355,22,-1.0
1356,17,-5.0
1357,41,-56.0
1358,15,6.0
1359,17,-5.0
1360,14,-2.0
1361,8,4.0
1362,13,8.0
1363,25,-13.0
1364,12,0.0
1365,26,-23.0
1366,14,-2.0
1367,10,11.0
1368,14,-11.0
1369,9,3.0
1370,27,-6.0
1371,11,1.0
1372,12,0.0
1373,15,-3.0
1374,35,-41.0
1375,18,3.0
1376,16,5.0
1377,16,5.0
1378,13,-19.0
1379,26,-14.0
1380,21,-18.0
1381,16,5.0
1382,13,-10.0
1383,23,-47.0
1384,17,-14.0
1385,18,-6.0
1386,19,-25.0
1387,13,8.0
1388,30,-27.0
1389,32,-56.0
1390,17,-23.0
1391,11,10.0
1392,22,-10.0
1393,12,9.0
1394,23,-11.0
1395,16,5.0
1396,20,1.0
1397,16,5.0
1398,33,-21.0
1399,22,-1.0
1400,21,-36.0
1401,19,-16.0
1402,25,-22.0
1403,28,-25.0
1404,17,-5.0
1405,15,-3.0
1406,18,-6.0
1407,22,-28.0
1408,8,4.0
1409,24,-3.0
1410,13,8.0
1411,32,-38.0
1412,24,-30.0
1413,15,6.0
1414,10,11.0
1415,18,-24.0
1416,12,0.0
1417,23,-20.0
1418,11,1.0
1419,18,3.0
1420,28,-7.0
1421,11,10.0
1422,10,11.0
1423,38,-26.0
1424,17,-5.0
1425,42,-39.0
1426,14,7.0
1427,23,-20.0
1428,54,-69.0
1429,14,7.0
1430,29,-26.0
1431,28,-34.0
1432,10,11.0
1433,22,-1.0
1434,30,-18.0
1435,20,-26.0
1436,20,-8.0
1437,16,-13.0
1438,20,1.0
1439,26,-5.0
1440,43,-58.0
1441,15,-12.0
1442,15,6.0
1443,9,12.0
1444,15,6.0
1445,18,3.0
1446,11,1.0
1447,13,-10.0
1448,14,-2.0
1449,17,4.0
1450,41,-47.0
1451,14,-2.0
1452,11,1.0
1453,20,-17.0
1454,8,13.0
1455,18,3.0
1456,15,-3.0
1457,29,-35.0
1458,11,10.0
1459,13,8.0
1460,19,-7.0
1461,15,-12.0
1462,23,-2.0
1463,16,-4.0
1464,8,13.0
1465,19,-7.0
1466,13,-1.0
1467,17,-5.0
1468,38,-26.0
1469,13,8.0
1470,17,4.0
1471,13,8.0
1472,26,-14.0
1473,16,-4.0
1474,39,-45.0
1475,7,14.0
1476,12,-9.0
1477,31,-19.0
1478,16,-22.0
1479,6,15.0
1480,25,-31.0
1481,27,-6.0
1482,21,-18.0
1483,13,8.0
1484,20,1.0
1485,26,-14.0
1486,17,4.0
1487,16,-4.0
1488,11,10.0
1489,17,-23.0
1490,30,-36.0
1491,12,-9.0
1492,13,-1.0
1493,33,-48.0
1494,11,10.0
1495,12,9.0
1496,15,6.0
1497,22,-1.0
1498,11,10.0
1499,18,-15.0
1500,29,-35.0
1501,9,12.0
1502,6,15.0
1503,16,-4.0
1504,20,-8.0
1505,30,-45.0
1506,10,11.0
1507,14,-2.0
1508,32,-20.0
1509,13,8.0
1510,12,9.0
1511,36,-33.0
1512,20,1.0
1513,20,-8.0
1514,26,-23.0
1515,15,-3.0
1516,17,4.0
1517,67,-100.0
1518,28,-25.0
1519,12,9.0
1520,11,1.0
1521,31,-46.0
1522,17,-5.0
1523,17,4.0
1524,17,4.0
1525,48,-63.0
1526,36,-42.0
1527,23,-20.0
1528,16,5.0
1529,31,-37.0
1530,13,-10.0
1531,42,-48.0
1532,17,-14.0
1533,10,11.0
1534,11,10.0
1535,13,8.0
1536,17,4.0
1537,17,-5.0
1538,16,-4.0
1539,7,14.0
1540,10,11.0
1541,12,0.0
1542,48,-45.0
1543,21,-9.0
1544,18,3.0
1545,21,-9.0
1546,17,4.0
1547,18,3.0
1548,23,-2.0
1549,39,-27.0
1550,21,-45.0
1551,13,-1.0
1552,26,-14.0
1553,24,-3.0
1554,23,-11.0
1555,12,9.0
1556,15,-3.0
1557,7,14.0
1558,10,-7.0
1559,26,-32.0
1560,9,12.0
1561,33,-21.0
1562,18,-6.0
1563,15,-3.0
1564,8,13.0
1565,9,12.0
1566,16,5.0
1567,9,3.0
1568,19,-7.0
1569,23,-29.0
1570,18,-6.0
1571,16,-13.0
1572,14,-11.0
1573,13,8.0
1574,21,-9.0
1575,25,-13.0
1576,18,-24.0
1577,16,-4.0
1578,21,-54.0
1579,25,-22.0
1580,12,9.0
1581,21,-18.0
1582,22,-19.0
1583,14,-2.0
1584,12,9.0
1585,27,-24.0
1586,14,7.0
1587,16,-4.0
1588,10,11.0
1589,22,-10.0
1590,18,-15.0
1591,18,-6.0
1592,12,0.0
1593,14,-2.0
1594,13,8.0
1595,22,-19.0
1596,14,-2.0
1597,13,-1.0
1598,33,-30.0
1599,33,-39.0
1600,21,-18.0
1601,18,-6.0
1602,11,10.0
1603,13,-1.0
1604,32,-29.0
1605,18,-6.0
1606,29,-35.0
1607,7,14.0
1608,12,9.0
1609,9,12.0
1610,11,1.0
1611,21,-9.0
1612,13,-10.0
1613,12,9.0
1614,18,-6.0
1615,15,6.0
1616,28,-25.0
1617,12,0.0
1618,12,9.0
1619,25,-13.0
1620,15,-3.0
1621,13,-1.0
1622,16,5.0
1623,41,-65.0
1624,32,-29.0
1625,13,-1.0
1626,16,5.0
1627,23,-11.0
1628,18,-6.0
1629,21,0.0
1630,19,-25.0
1631,16,-4.0
1632,11,1.0
1633,12,9.0
1634,25,-31.0
1635,17,-5.0
1636,20,-8.0
1637,17,4.0
1638,17,4.0
1639,14,7.0
1640,17,-5.0
1641,28,-25.0
1642,20,-8.0
1643,28,-25.0
1644,17,-5.0
1645,13,-1.0
1646,14,-2.0
1647,18,-15.0
1648,22,-1.0
1649,13,-1.0
1650,18,-6.0
1651,32,-11.0
1652,20,1.0
1653,15,-12.0
1654,18,3.0
1655,14,-2.0
1656,22,-10.0
1657,11,1.0
1658,14,7.0
1659,18,-6.0
1660,13,-1.0
1661,12,9.0
1662,13,-1.0
1663,20,-26.0
1664,18,-6.0
1665,25,-4.0
1666,20,1.0
1667,13,-1.0
1668,27,-15.0
1669,43,-40.0
1670,20,-17.0
1671,22,-10.0
1672,26,-14.0
1673,17,-5.0
1674,21,-9.0
1675,25,-22.0
1676,47,-53.0
1677,20,-8.0
1678,34,-58.0
1679,18,-15.0
1680,20,1.0
1681,19,2.0
1682,35,-41.0
1683,8,-5.0
1684,12,-9.0
1685,8,4.0
1686,15,-3.0
1687,13,8.0
1688,12,9.0
1689,35,-32.0
1690,28,-34.0
1691,23,-11.0
1692,25,-13.0
1693,14,7.0
1694,16,5.0
1695,16,-13.0
1696,35,-23.0
1697,14,-11.0
1698,35,-23.0
1699,24,-3.0
1700,13,8.0
1701,14,-11.0
1702,19,2.0
1703,12,9.0
1704,19,2.0
1705,23,-11.0
1706,15,6.0
1707,11,1.0
1708,18,-6.0
1709,13,8.0
1710,13,8.0
1711,17,-23.0
1712,11,10.0
1713,15,-3.0
1714,13,8.0
1715,20,-8.0
1716,18,-6.0
1717,19,-16.0
1718,23,-2.0
1719,39,-45.0
1720,24,-21.0
1721,16,-4.0
1722,11,10.0
1723,22,-37.0
1724,22,-1.0
1725,21,0.0
1726,18,-15.0
1727,34,-31.0
1728,17,-5.0
1729,17,4.0
1730,20,-26.0
1731,15,-3.0
1732,21,-27.0
1733,15,-3.0
1734,10,11.0
1735,10,11.0
1736,17,-14.0
1737,37,-43.0
1738,19,2.0
1739,24,-3.0
1740,14,7.0
1741,16,5.0
1742,13,8.0
1743,16,5.0
1744,16,-13.0
1745,19,2.0
1746,18,3.0
1747,16,-22.0
1748,12,0.0
1749,32,-38.0
1750,10,11.0
1751,22,-19.0
1752,12,9.0
1753,16,5.0
1754,23,-11.0
1755,14,-2.0
1756,15,-12.0
1757,16,-4.0
1758,34,-49.0
1759,10,11.0
1760,21,-9.0
1761,14,-11.0
1762,11,10.0
1763,17,4.0
1764,9,12.0
1765,10,2.0
1766,15,-3.0
1767,18,3.0
1768,15,-21.0
1769,16,-4.0
1770,16,5.0
1771,7,14.0
1772,12,9.0
1773,18,-6.0
1774,28,-34.0
1775,24,-30.0
1776,19,-7.0
1777,13,8.0
1778,19,-7.0
1779,14,-2.0
1780,14,7.0
1781,13,8.0
1782,14,7.0
1783,18,-15.0
1784,17,4.0
1785,15,-3.0
1786,27,-15.0
1787,12,9.0
1788,11,1.0
1789,7,14.0
1790,18,-6.0
1791,18,3.0
1792,21,-27.0
1793,11,10.0
1794,13,8.0
1795,24,-12.0
1796,27,-15.0
1797,14,-2.0
1798,13,8.0
1799,17,-5.0
1800,23,-11.0
1801,18,-15.0
1802,23,-2.0
1803,17,-14.0
1804,12,0.0
1805,17,-14.0
1806,10,11.0
1807,17,-14.0
1808,27,-15.0
1809,18,-6.0
1810,25,-13.0
1811,12,-18.0
1812,19,-7.0
1813,32,-38.0
1814,21,-18.0
1815,15,6.0
1816,29,-17.0
1817,14,7.0
1818,23,-11.0
1819,17,-23.0
1820,14,7.0
1821,20,1.0
1822,15,-3.0
1823,12,9.0
1824,15,-12.0
1825,15,-3.0
1826,16,5.0
1827,31,-19.0
1828,15,-21.0
1829,16,5.0
1830,16,-4.0
1831,18,3.0
1832,18,3.0
1833,22,-19.0
1834,17,-14.0
1835,15,6.0
1836,17,-23.0
1837,16,-4.0
1838,15,6.0
1839,18,-15.0
1840,16,-4.0
1841,20,1.0
1842,18,-6.0
1843,11,1.0
1844,13,-1.0
1845,35,-50.0
1846,19,-25.0
1847,13,8.0
1848,30,-27.0
1849,13,8.0
1850,14,7.0
1851,18,3.0
1852,21,0.0
1853,19,2.0
1854,17,4.0
1855,20,-17.0
1856,37,-43.0
1857,15,6.0
1858,19,-7.0
1859,10,2.0
1860,12,9.0
1861,19,-7.0
1862,13,-1.0
1863,16,5.0
1864,13,8.0
1865,14,7.0
1866,26,-23.0
1867,13,-1.0
1868,15,-3.0
1869,15,-21.0
1870,20,1.0
1871,15,-3.0
1872,19,-7.0
1873,28,-25.0
1874,16,5.0
1875,21,-18.0
1876,19,-7.0
1877,34,-49.0
1878,20,-8.0
1879,25,-13.0
1880,20,-8.0
1881,15,-12.0
1882,16,-13.0
1883,15,6.0
1884,21,-9.0
1885,24,-3.0
1886,14,7.0
1887,15,-12.0
1888,12,0.0
1889,30,-18.0
1890,21,-18.0
1891,20,-17.0
1892,17,-5.0
1893,17,4.0
1894,33,-30.0
1895,24,-21.0
1896,13,8.0
1897,21,-27.0
1898,19,2.0
1899,10,11.0
1900,18,3.0
1901,15,-3.0
1902,15,6.0
1903,10,11.0
1904,35,-50.0
1905,25,-22.0
1906,29,-26.0
1907,20,-8.0
1908,22,-19.0
1909,38,-26.0
1910,21,0.0
1911,18,-24.0
1912,30,-18.0
1913,10,11.0
1914,15,6.0
1915,21,-9.0
1916,27,-24.0
1917,24,-12.0
1918,15,6.0
1919,12,0.0
1920,11,10.0
1921,10,11.0
1922,17,4.0
1923,16,-13.0
1924,21,-9.0
1925,12,0.0
1926,12,9.0
1927,16,-4.0
1928,13,-1.0
1929,20,-8.0
1930,14,7.0
1931,14,7.0
1932,20,-8.0
1933,19,-16.0
1934,12,9.0
1935,19,2.0
1936,36,-87.0
1937,15,-3.0
1938,15,6.0
1939,17,4.0
1940,23,-11.0
1941,27,-24.0
1942,15,-3.0
1943,25,-22.0
1944,17,4.0
1945,15,6.0
1946,29,-8.0
1947,14,7.0
1948,16,-4.0
1949,11,10.0
1950,22,-10.0
1951,15,-21.0
1952,14,-2.0
1953,11,10.0
1954,14,-2.0
1955,22,-10.0
1956,12,0.0
1957,16,-13.0
1958,20,-8.0
1959,13,-1.0
1960,14,-11.0
1961,24,-12.0
1962,11,1.0
1963,18,3.0
1964,18,-24.0
1965,13,8.0
1966,18,3.0
1967,24,-21.0
1968,14,-11.0
1969,14,-2.0
1970,21,-9.0
1971,18,-6.0
1972,14,7.0
1973,9,3.0
1974,17,-5.0
1975,17,-5.0
1976,17,-5.0
1977,14,-2.0
1978,18,-6.0
1979,15,6.0
1980,20,-17.0
1981,18,3.0
1982,28,-52.0
1983,16,5.0
1984,8,4.0
1985,13,-1.0
1986,14,7.0
1987,18,-6.0
1988,18,-6.0
1989,15,6.0
1990,13,8.0
1991,35,-23.0
1992,13,-1.0
1993,9,12.0
1994,23,-20.0
1995,11,10.0
1996,18,-6.0
1997,26,-32.0
1998,16,5.0
1999,16,5.0
2000,24,-12.0
2001,20,1.0
2002,18,3.0
2003,12,0.0
2004,14,-20.0
2005,19,-16.0
2006,12,0.0
2007,18,-15.0
2008,16,-4.0
2009,16,5.0
2010,17,-23.0
2011,29,-26.0
2012,14,-2.0
2013,18,3.0
2014,18,-24.0
2015,13,8.0
2016,15,6.0
2017,14,-2.0
2018,22,-19.0
2019,16,5.0
2020,29,-8.0
2021,13,-19.0
2022,20,1.0
2023,23,-20.0
2024,13,-1.0
2025,15,6.0
2026,17,-14.0
2027,16,-13.0
2028,19,2.0
2029,29,-17.0
2030,33,-39.0
2031,16,-4.0
2032,16,-4.0
2033,10,2.0
2034,11,1.0
2035,21,-27.0
2036,17,-14.0
2037,21,-18.0
2038,16,-13.0
2039,18,-15.0
2040,11,10.0
2041,15,-3.0
2042,16,5.0
2043,29,-26.0
2044,11,10.0
2045,26,-32.0
2046,14,-11.0
2047,21,-18.0
2048,15,6.0
2049,15,6.0
2050,22,-10.0
2051,10,11.0
2052,12,0.0
2053,14,-2.0
2054,35,-32.0
2055,8,13.0
2056,11,-8.0
2057,16,-4.0
2058,8,13.0
2059,20,-8.0
2060,28,-34.0
2061,23,-29.0
2062,15,-3.0
2063,16,5.0
2064,11,10.0
2065,14,-2.0
2066,11,1.0
2067,16,-4.0
2068,17,4.0
2069,14,7.0
2070,17,4.0
2071,22,-1.0
2072,12,0.0
2073,17,4.0
2074,15,-12.0
2075,18,3.0
2076,13,8.0
2077,18,-6.0
2078,18,-15.0
2079,14,-2.0
2080,31,-64.0
2081,12,0.0
2082,25,-13.0
2083,10,2.0
2084,9,12.0
2085,14,-2.0
2086,18,3.0
2087,12,9.0
2088,20,-17.0
2089,18,-15.0
2090,15,6.0
2091,18,-6.0
2092,29,-17.0
2093,24,-12.0
2094,15,6.0
2095,11,1.0
2096,13,-10.0
2097,14,7.0
2098,13,8.0
2099,13,-1.0
2100,17,4.0
2101,19,-16.0
2102,15,6.0
2103,13,-1.0
2104,14,-2.0
2105,11,10.0
2106,10,11.0
2107,14,7.0
2108,17,4.0
2109,14,7.0
2110,21,-9.0
2111,20,-8.0
2112,16,-22.0
2113,23,-20.0
2114,13,8.0
2115,10,11.0
2116,15,-30.0
2117,12,9.0
2118,19,-25.0
2119,16,-4.0
2120,19,2.0
2121,32,-38.0
2122,10,11.0
2123,25,-13.0
2124,19,2.0
2125,18,3.0
2126,26,-32.0
2127,21,-9.0
2128,19,-7.0
2129,23,-11.0
2130,16,5.0
2131,20,-17.0
2132,16,-4.0
2133,11,10.0
2134,21,-9.0
2135,8,4.0
2136,22,-19.0
2137,14,-2.0
2138,20,-17.0
2139,18,-15.0
2140,19,-7.0
2141,20,-8.0
2142,20,-26.0
2143,16,-4.0
2144,12,0.0
2145,14,7.0
2146,15,6.0
2147,20,-8.0
2148,18,3.0
2149,17,4.0
2150,14,-2.0
2151,17,4.0
2152,19,-16.0
2153,14,7.0
2154,11,1.0
2155,18,3.0
2156,12,9.0
2157,15,6.0
2158,25,-4.0
2159,13,8.0
2160,16,5.0
2161,25,-13.0
2162,14,7.0
2163,16,-4.0
2164,26,-14.0
2165,15,-12.0
2166,16,-4.0
2167,25,-4.0
2168,14,7.0
2169,15,6.0
2170,13,8.0
2171,18,-6.0
2172,22,-19.0
2173,28,-25.0
2174,22,-19.0
2175,24,-12.0
2176,12,9.0
2177,32,-56.0
2178,13,8.0
2179,31,-19.0
2180,18,-6.0
2181,19,2.0
2182,26,-14.0
2183,21,-9.0
2184,24,-12.0
2185,20,1.0
2186,18,-6.0
2187,12,9.0
2188,15,6.0
2189,42,-39.0
2190,13,-1.0
2191,12,9.0
2192,12,9.0
2193,8,13.0
2194,22,-10.0
2195,14,7.0
2196,21,-9.0
2197,23,-20.0
2198,22,-28.0
2199,16,-13.0
2200,13,8.0
2201,15,-3.0
2202,15,6.0
2203,17,4.0
2204,19,-25.0
2205,18,-6.0
2206,14,-20.0
2207,10,11.0
2208,12,9.0
2209,19,-7.0
2210,16,5.0
2211,18,-6.0
2212,17,-23.0
2213,15,6.0
2214,30,-36.0
2215,14,-2.0
2216,15,6.0
2217,22,-1.0
2218,21,-9.0
2219,15,6.0
2220,11,1.0
2221,18,-6.0
2222,10,11.0
2223,16,-4.0
2224,19,-16.0
2225,15,-3.0
2226,21,-9.0
2227,19,-16.0
2228,14,-11.0
2229,12,9.0
2230,16,-4.0
2231,20,-17.0
2232,20,-17.0
2233,20,-8.0
2234,17,-5.0
2235,13,-1.0
2236,17,4.0
2237,12,0.0
2238,27,-42.0
2239,18,3.0
2240,18,-6.0
2241,15,-3.0
2242,15,-3.0
2243,16,-4.0
2244,23,-29.0
2245,14,-2.0
2246,19,-7.0
2247,21,-18.0
2248,15,-3.0
2249,16,-4.0
2250,13,8.0
2251,18,-6.0
2252,20,-17.0
2253,14,-2.0
2254,14,-11.0
2255,9,12.0
2256,13,8.0
2257,16,-13.0
2258,19,2.0
2259,15,6.0
2260,14,7.0
2261,18,-6.0
2262,19,-25.0
2263,14,-2.0
2264,17,4.0
2265,31,-28.0
2266,18,3.0
2267,28,-25.0
2268,30,-27.0
2269,23,-20.0
2270,18,-6.0
2271,22,-19.0
2272,18,3.0
2273,14,-2.0
2274,19,-7.0
2275,21,-18.0
2276,14,-2.0
2277,22,-1.0
2278,16,-4.0
2279,19,-16.0
2280,10,11.0
2281,15,6.0
2282,22,-19.0
2283,19,-7.0
2284,20,-17.0
2285,16,-13.0
2286,17,-14.0
2287,15,-3.0
2288,15,-12.0
2289,11,1.0
2290,28,-25.0
2291,11,10.0
2292,14,-20.0
2293,22,-10.0
2294,15,-12.0
2295,24,-21.0
2296,19,-25.0
2297,22,-10.0
2298,14,-2.0
2299,17,-5.0
2300,13,8.0
2301,23,-11.0
2302,17,-5.0
2303,16,-13.0
2304,16,-4.0
2305,14,-2.0
2306,21,-9.0
2307,22,-28.0
2308,10,11.0
2309,18,-6.0
2310,10,11.0
2311,12,0.0
2312,22,-10.0
2313,14,-2.0
2314,19,-16.0
2315,21,0.0
2316,16,5.0
2317,16,-4.0
2318,25,-4.0
2319,14,7.0
2320,19,-25.0
2321,18,-15.0
2322,12,9.0
2323,21,-9.0
2324,9,3.0
2325,17,4.0
2326,16,-13.0
2327,30,-27.0
2328,28,-25.0
2329,18,-6.0
2330,17,-5.0
2331,14,-2.0
2332,20,-8.0
2333,12,-9.0
2334,23,-11.0
2335,11,10.0
2336,18,3.0
2337,24,-21.0
2338,11,10.0
2339,21,-18.0
2340,23,-47.0
2341,17,4.0
2342,14,-2.0
2343,12,9.0
2344,14,7.0
2345,12,0.0
2346,18,-6.0
2347,16,-31.0
2348,23,-11.0
2349,21,-18.0
2350,18,3.0
2351,14,7.0
2352,15,-12.0
2353,13,8.0
2354,12,-9.0
2355,35,-50.0
2356,10,11.0
2357,10,11.0
2358,13,-10.0
2359,21,0.0
2360,23,-11.0
2361,25,-4.0
2362,27,-42.0
2363,13,8.0
2364,11,10.0
2365,31,-28.0
2366,27,-33.0
2367,28,-34.0
2368,15,-3.0
2369,14,7.0
2370,22,-10.0
2371,10,11.0
2372,14,7.0
2373,19,2.0
2374,11,1.0
2375,16,-4.0
2376,12,9.0
2377,12,0.0
2378,15,-12.0
2379,17,4.0
2380,7,14.0
2381,13,-10.0
2382,21,-9.0
2383,21,-18.0
2384,23,-20.0
2385,26,-14.0
2386,20,-26.0
2387,18,3.0
2388,15,-3.0
2389,20,1.0
2390,18,-15.0
2391,15,-12.0
2392,12,-9.0
2393,21,-18.0
2394,22,-1.0
2395,18,3.0
2396,21,-18.0
2397,18,3.0
2398,23,-20.0
2399,16,-4.0
2400,19,2.0
2401,16,5.0
2402,32,-38.0
2403,17,-14.0
2404,18,-6.0
2405,16,5.0
2406,13,-10.0
2407,25,-22.0
2408,13,-1.0
2409,17,4.0
2410,15,6.0
2411,11,10.0
2412,16,5.0
2413,25,-4.0
2414,17,-5.0
2415,18,-6.0
2416,16,-4.0
2417,13,-10.0
2418,28,-25.0
2419,12,0.0
2420,20,-8.0
2421,11,1.0
2422,21,-9.0
2423,19,-16.0
2424,10,11.0
2425,21,0.0
2426,17,-5.0
2427,15,6.0
2428,18,-6.0
2429,13,8.0
2430,21,-27.0
2431,23,-20.0
2432,18,-6.0
2433,17,4.0
2434,18,3.0
2435,19,-52.0
2436,13,-1.0
2437,17,-5.0
2438,14,7.0
2439,12,9.0
2440,29,-26.0
2441,12,-9.0
2442,24,-39.0
2443,17,4.0
2444,19,2.0
2445,23,-20.0
2446,17,-5.0
2447,24,-12.0
2448,15,-3.0
2449,19,2.0
2450,15,6.0
2451,22,-19.0
2452,11,10.0
2453,9,12.0
2454,20,-17.0
2455,11,10.0
2456,16,-4.0
2457,17,-5.0
2458,18,3.0
2459,13,8.0
2460,14,-2.0
2461,16,5.0
2462,20,-8.0
2463,14,-11.0
2464,16,5.0
2465,11,10.0
2466,14,7.0
2467,13,8.0
2468,9,12.0
2469,27,-42.0
2470,20,1.0
2471,17,4.0
2472,19,2.0
2473,14,-2.0
2474,20,1.0
2475,15,6.0
2476,13,-1.0
2477,13,-1.0
2478,19,2.0
2479,19,2.0
2480,18,3.0
2481,15,6.0
2482,20,1.0
2483,13,8.0
2484,8,13.0
2485,21,-18.0
2486,11,1.0
2487,16,5.0
2488,30,-27.0
2489,20,1.0
2490,21,-9.0
2491,22,-19.0
2492,18,3.0
2493,16,5.0
2494,12,-9.0
2495,17,-14.0
2496,16,5.0
2497,20,-26.0
2498,22,-10.0
2499,16,-22.0
2500,22,-10.0
2501,35,-41.0
2502,24,-30.0
2503,16,-4.0
2504,19,2.0
2505,21,-9.0
2506,24,-21.0
2507,17,-5.0
2508,19,-7.0
2509,19,-25.0
2510,22,-28.0
2511,11,10.0
2512,14,7.0
2513,15,-3.0
2514,18,-15.0
2515,15,-3.0
2516,14,7.0
2517,17,-23.0
2518,24,-12.0
2519,20,-26.0
2520,14,-2.0
2521,22,-19.0
2522,26,-32.0
2523,15,6.0
2524,17,4.0
2525,15,6.0
2526,23,-38.0
2527,16,5.0
2528,18,-15.0
2529,24,-12.0
2530,10,11.0
2531,31,-37.0
2532,19,2.0
2533,24,-48.0
2534,20,1.0
2535,15,-3.0
2536,17,-5.0
2537,24,-12.0
2538,11,10.0
2539,11,1.0
2540,14,7.0
2541,17,4.0
2542,14,-2.0
2543,8,13.0
2544,21,0.0
2545,17,4.0
2546,10,11.0
2547,15,-3.0
2548,15,6.0
2549,11,10.0
2550,16,-13.0
2551,14,-2.0
2552,23,-2.0
2553,13,-1.0
2554,18,-6.0
2555,25,-22.0
2556,18,3.0
2557,10,11.0
2558,24,-3.0
2559,10,11.0
2560,14,-11.0
2561,20,-17.0
2562,12,9.0
2563,10,11.0
2564,19,2.0
2565,11,1.0
2566,21,0.0
2567,25,-13.0
2568,16,-4.0
2569,20,1.0
2570,14,-11.0
2571,23,-20.0
2572,18,-6.0
2573,21,0.0
2574,22,-10.0
2575,18,-6.0
2576,15,6.0
2577,11,10.0
2578,16,5.0
2579,25,-13.0
2580,17,4.0
2581,18,-15.0
2582,18,-24.0
2583,12,0.0
2584,13,8.0
2585,17,4.0
2586,14,7.0
2587,26,-32.0
2588,22,-10.0
2589,16,5.0
2590,18,3.0
2591,21,-27.0
2592,22,-19.0
2593,14,-2.0
2594,14,-11.0
2595,22,-10.0
2596,11,10.0
2597,20,1.0
2598,18,-6.0
2599,19,-7.0
2600,22,-19.0
2601,15,-3.0
2602,13,-1.0
2603,15,-3.0
2604,17,4.0
2605,14,7.0
2606,16,-4.0
2607,12,9.0
2608,18,3.0
2609,11,10.0
2610,13,8.0
2611,15,6.0
2612,19,-7.0
2613,29,-35.0
2614,13,8.0
2615,24,-12.0
2616,14,7.0
2617,20,-8.0
2618,10,11.0
2619,21,-9.0
2620,16,-13.0
2621,18,3.0
2622,22,-10.0
2623,14,7.0
2624,20,1.0
2625,16,-13.0
2626,15,6.0
2627,22,-37.0
2628,16,-4.0
2629,13,8.0
2630,16,-4.0
2631,15,-12.0
2632,18,3.0
2633,27,-24.0
2634,13,8.0
2635,23,-11.0
2636,19,-7.0
2637,16,5.0
2638,18,-15.0
2639,21,-18.0
2640,20,1.0
2641,25,-13.0
2642,19,2.0
2643,12,9.0
2644,12,9.0
2645,18,-15.0
2646,14,-11.0
2647,13,8.0
2648,22,-28.0
2649,10,11.0
2650,18,-15.0
2651,13,8.0
2652,12,9.0
2653,19,-25.0
2654,10,2.0
2655,23,-11.0
2656,23,-11.0
2657,19,-16.0
2658,27,-24.0
2659,21,0.0
2660,19,-7.0
2661,21,-9.0
2662,16,-4.0
2663,21,0.0
2664,23,-29.0
2665,17,4.0
2666,23,-29.0
2667,18,-6.0
2668,20,1.0
2669,16,-4.0
2670,18,-6.0
2671,17,4.0
2672,18,-6.0
2673,25,-22.0
2674,15,6.0
2675,19,-16.0
2676,15,-3.0
2677,25,-4.0
2678,13,8.0
2679,8,13.0
2680,15,-3.0
2681,14,7.0
2682,21,-9.0
2683,13,8.0
2684,16,-13.0
2685,14,-2.0
2686,24,-30.0
2687,22,-10.0
2688,22,-28.0
2689,20,-8.0
2690,23,-2.0
2691,18,-15.0
2692,15,6.0
2693,12,9.0
2694,11,10.0
2695,11,10.0
2696,22,-19.0
2697,22,-19.0
2698,13,8.0
2699,28,-52.0
2700,16,5.0
2701,19,2.0
2702,8,13.0
2703,17,-14.0
2704,18,-6.0
2705,27,-24.0
2706,10,11.0
2707,35,-32.0
2708,8,4.0
2709,15,-3.0
2710,22,-10.0
2711,20,-17.0
2712,11,1.0
2713,16,-4.0
2714,18,-15.0
2715,17,4.0
2716,19,-7.0
2717,20,-8.0
2718,20,-17.0
2719,14,-2.0
2720,16,5.0
2721,14,7.0
2722,19,-43.0
2723,25,-13.0
2724,12,0.0
2725,12,9.0
2726,21,-18.0
2727,15,6.0
2728,16,5.0
2729,22,-19.0
2730,26,-5.0
2731,13,8.0
2732,18,-15.0
2733,21,-9.0
2734,21,0.0
2735,10,11.0
2736,19,2.0
2737,16,-4.0
2738,11,10.0
2739,10,11.0
2740,9,12.0
2741,18,-15.0
2742,13,-10.0
2743,19,-7.0
2744,24,-21.0
2745,15,-3.0
2746,15,6.0
2747,18,3.0
2748,17,4.0
2749,19,-7.0
2750,16,5.0
2751,13,8.0
2752,17,-5.0
2753,13,8.0
2754,22,-10.0
2755,16,5.0
2756,10,11.0
2757,12,9.0
2758,8,13.0
2759,12,9.0
2760,10,11.0
2761,18,-24.0
2762,19,-7.0
2763,12,9.0
2764,25,-13.0
2765,8,13.0
2766,18,3.0
2767,13,-1.0
2768,16,5.0
2769,20,-8.0
2770,12,9.0
2771,13,-1.0
2772,14,7.0
2773,22,-28.0
2774,17,-14.0
2775,15,6.0
2776,11,10.0
2777,15,6.0
2778,20,1.0
2779,11,1.0
2780,22,-19.0
2781,19,2.0
2782,17,-5.0
2783,13,8.0
2784,23,-29.0
2785,21,-18.0
2786,18,-6.0
2787,21,-36.0
2788,17,-5.0
2789,14,7.0
2790,18,-15.0
2791,19,2.0
2792,20,1.0
2793,18,-6.0
2794,17,-14.0
2795,20,1.0
2796,11,10.0
2797,14,7.0
2798,10,2.0
2799,23,-2.0
2800,23,-29.0
2801,11,10.0
2802,16,-4.0
2803,19,-16.0
2804,15,-12.0
2805,20,-8.0
2806,20,1.0
2807,15,6.0
2808,18,-6.0
2809,13,8.0
2810,16,5.0
2811,17,-32.0
2812,8,13.0
2813,19,2.0
2814,19,-7.0
2815,19,-7.0
2816,22,-19.0
2817,20,-26.0
2818,19,-25.0
2819,6,15.0
2820,28,-16.0
2821,11,10.0
2822,12,9.0
2823,11,10.0
2824,23,-11.0
2825,20,-26.0
2826,13,-1.0
2827,16,-4.0
2828,16,-4.0
2829,12,0.0
2830,13,-1.0
2831,20,-17.0
2832,16,-4.0
2833,18,3.0
2834,16,5.0
2835,13,-1.0
2836,13,-1.0
2837,20,-26.0
2838,17,-23.0
2839,19,-7.0
2840,16,-4.0
2841,23,-2.0
2842,12,9.0
2843,16,-4.0
2844,23,-2.0
2845,19,-7.0
2846,19,-25.0
2847,20,-17.0
2848,18,-6.0
2849,21,-9.0
2850,14,7.0
2851,13,-1.0
2852,27,-33.0
2853,24,-3.0
2854,11,-8.0
2855,8,13.0
2856,16,-4.0
2857,16,-4.0
2858,17,4.0
2859,25,-13.0
2860,15,6.0
2861,18,-6.0
2862,17,-5.0
2863,18,3.0
2864,18,-15.0
2865,15,-3.0
2866,19,-16.0
2867,18,-24.0
2868,8,13.0
2869,11,10.0
2870,21,-9.0
2871,13,8.0
2872,16,5.0
2873,17,-5.0
2874,13,8.0
2875,23,-2.0
2876,11,1.0
2877,19,-34.0
2878,23,-11.0
2879,17,-5.0
2880,21,-9.0
2881,14,-2.0
2882,17,4.0
2883,18,-6.0
2884,23,-11.0
2885,9,12.0
2886,13,8.0
2887,21,-9.0
2888,15,-3.0
2889,13,8.0
2890,24,-30.0
2891,16,-4.0
2892,15,-3.0
2893,17,-5.0
2894,19,-16.0
2895,8,13.0
2896,15,-3.0
2897,10,11.0
2898,21,0.0
2899,22,-19.0
2900,16,5.0
2901,22,-1.0
2902,14,-2.0
2903,18,-6.0
2904,20,-26.0
2905,12,-9.0
2906,14,-11.0
2907,12,0.0
2908,13,8.0
2909,15,6.0
2910,12,9.0
2911,11,10.0
2912,13,8.0
2913,17,-14.0
2914,16,-4.0
2915,24,-12.0
2916,23,-2.0
2917,17,4.0
2918,14,-11.0
2919,20,-8.0
2920,24,-21.0
2921,14,-2.0
2922,20,-8.0
2923,16,-4.0
2924,11,10.0
2925,18,3.0
2926,18,-15.0
2927,18,3.0
2928,15,-3.0
2929,24,-57.0
2930,12,9.0
2931,24,-30.0
2932,15,-3.0
2933,21,-18.0
2934,10,11.0
2935,18,3.0
2936,26,-14.0
2937,22,-10.0
2938,15,-3.0
2939,26,-23.0
2940,27,-15.0
2941,17,-14.0
2942,19,-16.0
2943,12,0.0
2944,17,4.0
2945,18,-15.0
2946,21,-9.0
2947,23,-11.0
2948,18,-6.0
2949,9,12.0
2950,16,5.0
2951,24,-21.0
2952,17,4.0
2953,14,-2.0
2954,25,-22.0
2955,12,9.0
2956,16,5.0
2957,16,5.0
2958,16,5.0
2959,13,-1.0
2960,16,5.0
2961,9,12.0
2962,19,2.0
2963,21,0.0
2964,20,-26.0
2965,20,-26.0
2966,12,0.0
2967,17,-5.0
2968,26,-32.0
2969,28,-7.0
2970,12,9.0
2971,17,-14.0
2972,23,-11.0
2973,17,4.0
2974,19,-16.0
2975,19,-16.0
2976,10,2.0
2977,16,-13.0
2978,17,-5.0
2979,16,-4.0
2980,19,2.0
2981,11,10.0
2982,15,-12.0
2983,19,-7.0
2984,25,-13.0
2985,13,-1.0
2986,20,-8.0
2987,18,-6.0
2988,10,2.0
2989,19,-7.0
2990,16,5.0
2991,12,9.0
2992,16,5.0
2993,16,-4.0
2994,19,2.0
2995,13,8.0
2996,17,-5.0
2997,14,-2.0
2998,20,-26.0
2999,16,-13.0
3000,26,-59.0
3001,17,4.0
3002,19,-16.0
3003,17,-14.0
3004,18,-6.0
3005,14,-2.0
3006,16,5.0
3007,19,-16.0
3008,17,-5.0
3009,14,-2.0
3010,12,9.0
3011,20,-26.0
3012,18,-15.0
3013,8,13.0
3014,11,10.0
3015,19,2.0
3016,15,-3.0
3017,19,-7.0
3018,19,2.0
3019,15,-12.0
3020,12,-9.0
3021,28,-34.0
3022,18,-15.0
3023,20,-17.0
3024,19,-7.0
3025,12,0.0
3026,17,-5.0
3027,16,-13.0
3028,19,-25.0
3029,6,15.0
3030,16,-4.0
3031,21,-27.0
3032,17,-23.0
3033,14,-11.0
3034,13,8.0
3035,16,-13.0
3036,12,9.0
3037,19,-16.0
3038,17,4.0
3039,25,-31.0
3040,19,-7.0
3041,16,5.0
3042,17,-5.0
3043,22,-1.0
3044,20,-17.0
3045,17,-5.0
3046,24,-48.0
3047,19,-7.0
3048,15,6.0
3049,20,1.0
3050,16,5.0
3051,16,5.0
3052,11,10.0
3053,13,8.0
3054,18,-6.0
3055,15,-3.0
3056,19,-7.0
3057,17,4.0
3058,23,-29.0
3059,12,9.0
3060,20,-8.0
3061,17,-14.0
3062,17,-23.0
3063,23,-11.0
3064,19,-16.0
3065,27,-24.0
3066,15,6.0
3067,16,-22.0
3068,10,2.0
3069,9,3.0
3070,7,14.0
3071,15,6.0
3072,20,-17.0
3073,17,-14.0
3074,14,7.0
3075,18,-15.0
3076,19,-7.0
3077,16,-4.0
3078,16,-4.0
3079,17,4.0
3080,24,-21.0
3081,23,-20.0
3082,26,-14.0
3083,20,-8.0
3084,20,-17.0
3085,15,6.0
3086,20,-17.0
3087,26,-32.0
3088,19,2.0
3089,17,4.0
3090,26,-23.0
3091,21,-27.0
3092,33,-30.0
3093,23,-20.0
3094,21,-27.0
3095,15,-3.0
3096,17,-14.0
3097,18,3.0
3098,15,-3.0
3099,17,-5.0
3100,28,-43.0
3101,16,-4.0
3102,16,-4.0
3103,26,-23.0
3104,13,8.0
3105,15,-3.0
3106,13,8.0
3107,16,-4.0
3108,18,-6.0
3109,16,-4.0
3110,21,-18.0
3111,13,8.0
3112,13,-1.0
3113,13,8.0
3114,12,0.0
3115,14,7.0
3116,18,-6.0
3117,19,-16.0
3118,13,-1.0
3119,26,-14.0
3120,10,-7.0
3121,15,6.0
3122,14,-11.0
3123,24,-3.0
3124,20,1.0
3125,18,3.0
3126,12,0.0
3127,14,7.0
3128,18,-15.0
3129,18,-6.0
3130,19,-16.0
3131,15,6.0
3132,12,0.0
3133,20,-8.0
3134,12,9.0
3135,18,3.0
3136,16,-4.0
3137,13,8.0
3138,14,-11.0
3139,16,5.0
3140,19,-7.0
3141,13,-1.0
3142,18,-24.0
3143,18,-6.0
3144,18,-24.0
3145,9,12.0
3146,25,-40.0
3147,21,-9.0
3148,14,7.0
3149,18,-6.0
3150,11,1.0
3151,14,-2.0
3152,21,0.0
3153,17,-5.0
3154,12,0.0
3155,20,1.0
3156,10,11.0
3157,13,8.0
3158,24,-21.0
3159,18,3.0
3160,18,-24.0
3161,18,-15.0
3162,19,-7.0
3163,10,11.0
3164,18,3.0
3165,19,-16.0
3166,25,-22.0
3167,20,1.0
3168,17,-14.0
3169,18,-6.0
3170,20,1.0
3171,20,-17.0
3172,16,5.0
3173,18,-6.0
3174,19,-7.0
3175,20,-8.0
3176,14,-2.0
3177,19,-7.0
3178,19,-7.0
3179,21,-9.0
3180,11,10.0
3181,16,-4.0
3182,15,-12.0
3183,18,-6.0
3184,12,9.0
3185,16,-4.0
3186,18,-15.0
3187,18,-15.0
3188,13,-1.0
3189,20,-17.0
3190,10,11.0
3191,16,-4.0
3192,24,-3.0
3193,18,3.0
3194,23,-11.0
3195,14,-2.0
3196,17,4.0
3197,22,-10.0
3198,13,-1.0
3199,17,-5.0
3200,16,5.0
3201,14,7.0
3202,23,-11.0
3203,22,-10.0
3204,13,8.0
3205,18,-15.0
3206,20,1.0
3207,14,7.0
3208,25,-13.0
3209,14,-2.0
3210,27,-33.0
3211,22,-10.0
3212,17,-5.0
3213,13,8.0
3214,20,-8.0
3215,23,-11.0
3216,17,-5.0
3217,18,-15.0
3218,15,6.0
3219,17,-5.0
3220,16,5.0
3221,20,-17.0
3222,8,13.0
3223,20,-35.0
3224,21,-18.0
3225,14,7.0
3226,14,-2.0
3227,17,4.0
3228,14,7.0
3229,17,4.0
3230,19,-16.0
3231,26,-5.0
3232,14,7.0
3233,19,2.0
3234,16,5.0
3235,18,3.0
3236,18,-24.0
3237,25,-13.0
3238,24,-30.0
3239,11,10.0
3240,17,4.0
3241,23,-38.0
3242,13,8.0
3243,22,-1.0
3244,10,11.0
3245,15,-12.0
3246,16,5.0
3247,22,-19.0
3248,21,-9.0
3249,19,-7.0
3250,12,9.0
3251,13,-1.0
3252,11,10.0
3253,27,-33.0
3254,16,-4.0
3255,14,7.0
3256,11,1.0
3257,18,-15.0
3258,18,3.0
3259,11,1.0
3260,13,8.0
3261,18,-24.0
3262,19,-7.0
3263,10,2.0
3264,19,-16.0
3265,12,0.0
3266,17,-5.0
3267,12,9.0
3268,16,-22.0
3269,19,2.0
3270,17,4.0
3271,25,-22.0
3272,12,9.0
3273,26,-23.0
3274,7,14.0
3275,14,7.0
3276,17,-14.0
3277,17,-23.0
3278,13,-1.0
3279,33,-57.0
3280,23,-29.0
3281,18,-24.0
3282,16,5.0
3283,18,-6.0
3284,15,-3.0
3285,19,-25.0
3286,13,-1.0
3287,16,5.0
3288,18,-6.0
3289,17,4.0
3290,13,8.0
3291,23,-20.0
3292,15,6.0
3293,18,3.0
3294,18,-15.0
3295,15,-12.0
3296,17,-23.0
3297,17,-23.0
3298,15,-3.0
3299,26,-23.0
3300,19,-25.0
3301,16,5.0
3302,17,-5.0
3303,20,-26.0
3304,8,13.0
3305,13,8.0
3306,8,13.0
3307,18,-6.0
3308,16,-4.0
3309,21,-9.0
3310,16,5.0
3311,17,-14.0
3312,22,-1.0
3313,20,1.0
3314,18,-15.0
3315,20,-26.0
3316,18,3.0
3317,22,-19.0
3318,14,7.0
3319,21,-18.0
3320,21,-27.0
3321,13,8.0
3322,15,-12.0
3323,16,5.0
3324,14,7.0
3325,22,-10.0
3326,14,-2.0
3327,16,5.0
3328,17,-14.0
3329,17,-5.0
3330,12,0.0
3331,18,-6.0
3332,11,1.0
3333,22,-28.0
3334,20,-8.0
3335,21,-27.0
3336,14,-2.0
3337,17,-14.0
3338,14,-11.0
3339,13,-10.0
3340,12,9.0
3341,12,0.0
3342,12,-9.0
3343,12,9.0
3344,17,-14.0
3345,21,-9.0
3346,20,-35.0
3347,14,-2.0
3348,10,11.0
3349,13,-1.0
3350,15,-12.0
3351,23,-2.0
3352,13,-10.0
3353,20,1.0
3354,13,-1.0
3355,12,9.0
3356,12,-9.0
3357,19,-7.0
3358,17,-14.0
3359,17,4.0
3360,28,-34.0
3361,13,-1.0
3362,11,10.0
3363,16,5.0
3364,22,-1.0
3365,18,3.0
3366,15,6.0
3367,13,8.0
3368,17,4.0
3369,18,-15.0
3370,21,-9.0
3371,18,3.0
3372,27,-42.0
3373,19,2.0
3374,19,2.0
3375,14,7.0
3376,15,-12.0
3377,24,-3.0
3378,19,-7.0
3379,16,-4.0
3380,19,-16.0
3381,15,-3.0
3382,23,-2.0
3383,15,6.0
3384,17,4.0
3385,19,-16.0
3386,9,12.0
3387,11,10.0
3388,22,-10.0
3389,22,-10.0
3390,13,-10.0
3391,16,-13.0
3392,15,-12.0
3393,16,5.0
3394,20,-8.0
3395,24,-30.0
3396,18,-6.0
3397,12,9.0
3398,20,-17.0
3399,16,5.0
3400,15,6.0
3401,24,-30.0
3402,18,-15.0
3403,22,-10.0
3404,14,-2.0
3405,11,1.0
3406,14,7.0
3407,10,2.0
3408,10,11.0
3409,13,8.0
3410,20,1.0
3411,24,-39.0
3412,18,-6.0
3413,17,-5.0
3414,22,-10.0
3415,13,8.0
3416,15,-12.0
3417,8,4.0
3418,20,-17.0
3419,20,-8.0
3420,13,8.0
3421,19,-25.0
3422,13,8.0
3423,20,-26.0
3424,16,5.0
3425,20,-17.0
3426,11,-8.0
3427,19,2.0
3428,19,-16.0
3429,9,12.0
3430,18,-6.0
3431,17,-5.0
3432,14,7.0
3433,15,6.0
3434,21,-18.0
3435,17,-14.0
3436,16,5.0
3437,8,13.0
3438,27,-15.0
3439,16,5.0
3440,21,-18.0
3441,16,5.0
3442,20,-26.0
3443,21,0.0
3444,10,11.0
3445,9,12.0
3446,15,-3.0
3447,19,-7.0
3448,22,-1.0
3449,18,-6.0
3450,14,7.0
3451,14,7.0
3452,15,6.0
3453,15,-12.0
3454,13,-1.0
3455,14,7.0
3456,15,-12.0
3457,13,-1.0
3458,11,1.0
3459,10,11.0
3460,12,9.0
3461,18,-6.0
3462,26,-32.0
3463,12,9.0
3464,17,-5.0
3465,28,-25.0
3466,22,-1.0
3467,13,-10.0
3468,9,12.0
3469,26,-5.0
3470,16,-4.0
3471,10,11.0
3472,20,-17.0
3473,16,5.0
3474,14,-2.0
3475,13,-10.0
3476,12,9.0
3477,21,-9.0
3478,22,-19.0
3479,11,10.0
3480,21,-9.0
3481,14,-2.0
3482,12,9.0
3483,25,-31.0
3484,13,8.0
3485,14,-11.0
3486,17,4.0
3487,17,-5.0
3488,15,-3.0
3489,18,3.0
3490,13,8.0
3491,12,9.0
3492,20,-17.0
3493,17,-5.0
3494,10,11.0
3495,16,-4.0
3496,18,-15.0
3497,29,-35.0
3498,14,7.0
3499,13,8.0
3500,17,4.0
3501,17,4.0
3502,15,6.0
3503,23,-2.0
3504,21,-9.0
3505,14,7.0
3506,22,-10.0
3507,12,9.0
3508,17,4.0
3509,23,-2.0
3510,13,-1.0
3511,28,-16.0
3512,11,10.0
3513,22,-10.0
3514,16,5.0
3515,14,-2.0
3516,19,-7.0
3517,20,-8.0
3518,12,-9.0
3519,20,-17.0
3520,13,-1.0
3521,19,-16.0
3522,16,5.0
3523,8,4.0
3524,17,4.0
3525,21,-9.0
3526,17,-5.0
3527,20,-8.0
3528,19,-7.0
3529,13,-1.0
3530,16,-31.0
3531,14,7.0
3532,19,-7.0
3533,9,3.0
3534,15,-12.0
3535,22,-1.0
3536,13,8.0
3537,19,-16.0
3538,14,-11.0
3539,15,6.0
3540,11,1.0
3541,13,-1.0
3542,10,2.0
3543,19,-16.0
3544,20,-17.0
3545,10,11.0
3546,12,9.0
3547,14,7.0
3548,14,7.0
3549,13,8.0
3550,13,8.0
3551,17,4.0
3552,23,-20.0
3553,20,1.0
3554,16,5.0
3555,20,-8.0
3556,10,2.0
3557,18,-15.0
3558,19,2.0
3559,7,14.0
3560,12,9.0
3561,23,-11.0
3562,11,10.0
3563,12,9.0
3564,9,3.0
3565,18,-6.0
3566,14,-11.0
3567,19,2.0
3568,17,-23.0
3569,21,0.0
3570,16,-13.0
3571,21,-45.0
3572,15,6.0
3573,19,-16.0
3574,13,-1.0
3575,15,-3.0
3576,23,-11.0
3577,10,2.0
3578,11,10.0
3579,16,-4.0
3580,13,8.0
3581,12,0.0
3582,9,12.0
3583,11,1.0
3584,26,-23.0
3585,16,5.0
3586,19,-16.0
3587,19,-7.0
3588,15,-3.0
3589,19,-16.0
3590,19,-16.0
3591,12,0.0
3592,25,-4.0
3593,8,13.0
3594,27,-24.0
3595,13,-1.0
3596,21,-9.0
3597,9,12.0
3598,19,-7.0
3599,20,-35.0
3600,22,-10.0
3601,22,-10.0
3602,15,-12.0
3603,12,0.0
3604,22,-37.0
3605,18,3.0
3606,10,11.0
3607,19,2.0
3608,16,-13.0
3609,16,5.0
3610,22,-1.0
3611,14,-2.0
3612,12,0.0
3613,15,-3.0
3614,16,-13.0
3615,15,-3.0
3616,15,6.0
3617,16,5.0
3618,16,5.0
3619,13,-1.0
3620,21,-18.0
3621,18,3.0
3622,24,-12.0
3623,12,0.0
3624,15,-3.0
3625,12,0.0
3626,10,11.0
3627,17,-5.0
3628,17,4.0
3629,13,-1.0
3630,19,-7.0
3631,18,-6.0
3632,19,-7.0
3633,11,10.0
3634,18,-33.0
3635,12,9.0
3636,11,10.0
3637,17,4.0
3638,14,7.0
3639,34,-40.0
3640,13,-1.0
3641,19,2.0
3642,12,0.0
3643,10,11.0
3644,23,-20.0
3645,8,13.0
3646,30,-36.0
3647,18,3.0
3648,15,-12.0
3649,18,-6.0
3650,9,12.0
3651,20,1.0
3652,15,-21.0
3653,14,7.0
3654,23,-11.0
3655,21,0.0
3656,13,8.0
3657,17,4.0
3658,16,-13.0
3659,13,8.0
3660,16,-4.0
3661,24,-30.0
3662,24,-21.0
3663,12,9.0
3664,18,3.0
3665,13,8.0
3666,16,-22.0
3667,22,-37.0
3668,15,6.0
3669,14,7.0
3670,18,-6.0
3671,18,-24.0
3672,21,-27.0
3673,15,-12.0
3674,13,-1.0
3675,17,4.0
3676,20,-17.0
3677,17,4.0
3678,17,4.0
3679,20,-8.0
3680,14,7.0
3681,16,-4.0
3682,16,-4.0
3683,10,2.0
3684,19,2.0
3685,18,-6.0
3686,21,-27.0
3687,17,-14.0
3688,18,-6.0
3689,16,-4.0
3690,20,-8.0
3691,20,-17.0
3692,14,7.0
3693,23,-2.0
3694,16,-4.0
3695,25,-40.0
3696,21,-9.0
3697,18,-6.0
3698,20,-26.0
3699,21,0.0
3700,10,11.0
3701,15,6.0
3702,22,-19.0
3703,21,-9.0
3704,14,-2.0
3705,24,-21.0
3706,14,7.0
3707,26,-23.0
3708,21,0.0
3709,25,-22.0
3710,20,-8.0
3711,21,-9.0
3712,29,-53.0
3713,14,-2.0
3714,18,-15.0
3715,16,5.0
3716,18,-6.0
3717,14,7.0
3718,26,-14.0
3719,8,13.0
3720,22,-10.0
3721,13,-1.0
3722,19,2.0
3723,14,7.0
3724,25,-31.0
3725,20,1.0
3726,20,-35.0
3727,16,-22.0
3728,17,4.0
3729,12,9.0
3730,17,4.0
3731,24,-12.0
3732,26,-41.0
3733,17,-5.0
3734,20,-8.0
3735,16,-4.0
3736,10,11.0
3737,11,10.0
3738,11,1.0
3739,19,-7.0
3740,19,-16.0
3741,11,10.0
3742,15,-3.0
3743,9,12.0
3744,14,-2.0
3745,21,-18.0
3746,13,-10.0
3747,19,2.0
3748,9,12.0
3749,17,-5.0
3750,21,-18.0
3751,6,15.0
3752,16,5.0
3753,14,-2.0
3754,13,8.0
3755,15,6.0
3756,7,14.0
3757,14,-2.0
3758,15,-3.0
3759,20,-26.0
3760,18,3.0
3761,34,-31.0
3762,11,10.0
3763,21,-36.0
3764,7,14.0
3765,10,11.0
3766,12,0.0
3767,12,0.0
3768,16,-4.0
3769,17,-5.0
3770,16,-4.0
3771,15,6.0
3772,13,-1.0
3773,16,-4.0
3774,22,-28.0
3775,7,14.0
3776,17,4.0
3777,15,6.0
3778,17,-5.0
3779,18,-6.0
3780,17,-5.0
3781,16,-4.0
3782,24,-12.0
3783,18,-6.0
3784,15,-12.0
3785,25,-13.0
3786,19,2.0
3787,18,-15.0
3788,28,-25.0
3789,25,-22.0
3790,15,-3.0
3791,14,-2.0
3792,21,-9.0
3793,12,0.0
3794,20,-17.0
3795,21,-18.0
3796,19,2.0
3797,20,-8.0
3798,20,-17.0
3799,16,-13.0
3800,21,-9.0
3801,14,7.0
3802,25,-13.0
3803,14,-11.0
3804,14,7.0
3805,14,7.0
3806,16,-4.0
3807,14,7.0
3808,17,-5.0
3809,18,-6.0
3810,12,0.0
3811,17,-14.0
3812,16,-4.0
3813,13,8.0
3814,20,1.0
3815,9,12.0
3816,20,-8.0
3817,19,-7.0
3818,30,-27.0
3819,14,7.0
3820,17,4.0
3821,19,-16.0
3822,21,-9.0
3823,21,-27.0
3824,19,-16.0
3825,19,-25.0
3826,16,-13.0
3827,18,-15.0
3828,21,-9.0
3829,18,3.0
3830,22,-10.0
3831,22,-10.0
3832,17,-23.0
3833,14,-2.0
3834,16,5.0
3835,14,-20.0
3836,18,-6.0
3837,29,-53.0
3838,15,-3.0
3839,16,5.0
3840,19,-25.0
3841,12,9.0
3842,25,-22.0
3843,21,-9.0
3844,31,-46.0
3845,17,-14.0
3846,9,12.0
3847,15,-3.0
3848,14,-2.0
3849,23,-11.0
3850,23,-11.0
3851,17,-5.0
3852,21,-36.0
3853,18,3.0
3854,18,-6.0
3855,19,2.0
3856,21,-18.0
3857,22,-19.0
3858,22,-10.0
3859,16,-4.0
3860,13,-1.0
3861,18,-6.0
3862,18,3.0
3863,14,-11.0
3864,15,6.0
3865,10,2.0
3866,17,-14.0
3867,16,-4.0
3868,13,8.0
3869,25,-13.0
3870,14,-2.0
3871,13,-10.0
3872,24,-30.0
3873,17,4.0
3874,13,-1.0
3875,18,-15.0
3876,12,0.0
3877,20,1.0
3878,15,6.0
3879,21,-18.0
3880,17,-5.0
3881,17,-5.0
3882,24,-3.0
3883,14,-2.0
3884,17,-5.0
3885,11,-8.0
3886,20,1.0
3887,19,2.0
3888,16,-4.0
3889,18,-6.0
3890,24,-21.0
3891,19,-7.0
3892,18,-6.0
3893,20,-8.0
3894,12,9.0
3895,24,-30.0
3896,25,-22.0
3897,11,1.0
3898,19,-16.0
3899,19,-7.0
3900,16,-4.0
3901,14,7.0
3902,11,10.0
3903,13,8.0
3904,21,-27.0
3905,7,14.0
3906,13,-1.0
3907,15,6.0
3908,24,-21.0
3909,12,0.0
3910,19,-25.0
3911,14,-11.0
3912,26,-5.0
3913,16,-4.0
3914,15,6.0
3915,10,11.0
3916,11,10.0
3917,17,-14.0
3918,18,3.0
3919,7,14.0
3920,16,5.0
3921,15,-3.0
3922,11,10.0
3923,17,4.0
3924,17,4.0
3925,19,-16.0
3926,15,-3.0
3927,19,-25.0
3928,18,-6.0
3929,14,-2.0
3930,14,-2.0
3931,14,-11.0
3932,23,-11.0
3933,16,-4.0
3934,19,-7.0
3935,13,-1.0
3936,23,-2.0
3937,22,-10.0
3938,21,-18.0
3939,22,-19.0
3940,20,-8.0
3941,23,-38.0
3942,28,-34.0
3943,18,3.0
3944,23,-11.0
3945,17,-23.0
3946,24,-21.0
3947,29,-17.0
3948,23,-2.0
3949,25,-31.0
3950,20,-17.0
3951,13,-1.0
3952,15,-3.0
3953,18,-15.0
3954,9,12.0
3955,17,-5.0
3956,15,6.0
3957,10,11.0
3958,14,7.0
3959,15,6.0
3960,12,9.0
3961,20,-26.0
3962,19,-16.0
3963,23,-2.0
3964,7,14.0
3965,22,-10.0
3966,18,3.0
3967,12,0.0
3968,17,4.0
3969,9,12.0
3970,27,-6.0
3971,14,7.0
3972,20,-8.0
3973,12,0.0
3974,12,0.0
3975,11,10.0
3976,13,8.0
3977,9,12.0
3978,14,-11.0
3979,7,14.0
3980,25,-4.0
3981,21,-18.0
3982,20,-17.0
3983,24,-12.0
3984,18,3.0
3985,25,-31.0
3986,11,10.0
3987,18,3.0
3988,19,-7.0
3989,12,-9.0
3990,20,-8.0
3991,18,3.0
3992,18,-6.0
3993,17,-23.0
3994,11,10.0
3995,17,4.0
3996,13,-1.0
3997,17,-14.0
3998,18,-6.0
3999,18,-6.0
4000,6,15.0
4001,24,-3.0
4002,23,-11.0
4003,16,-22.0
4004,12,0.0
4005,18,-6.0
4006,25,-22.0
4007,10,2.0
4008,18,3.0
4009,10,11.0
4010,18,-15.0
4011,15,6.0
4012,14,-11.0
4013,15,-21.0
4014,22,-10.0
4015,17,4.0
4016,15,-3.0
4017,18,-15.0
4018,17,-23.0
4019,17,4.0
4020,17,4.0
4021,13,8.0
4022,19,-7.0
4023,25,-22.0
4024,8,13.0
4025,29,-53.0
4026,18,3.0
4027,21,-9.0
4028,14,-2.0
4029,24,-48.0
4030,20,-8.0
4031,13,-1.0
4032,17,4.0
4033,24,-3.0
4034,8,13.0
4035,15,6.0
4036,18,3.0
4037,9,12.0
4038,15,-3.0
4039,13,8.0
4040,19,2.0
4041,17,-5.0
4042,16,5.0
4043,10,11.0
4044,14,-2.0
4045,7,5.0
4046,21,0.0
4047,18,-15.0
4048,11,10.0
4049,12,-9.0
4050,18,-6.0
4051,16,-4.0
4052,23,-20.0
4053,10,11.0
4054,20,1.0
4055,24,-12.0
4056,14,-2.0
4057,15,-3.0
4058,29,-17.0
4059,17,4.0
4060,15,6.0
4061,17,-5.0
4062,17,-14.0
4063,16,5.0
4064,15,-3.0
4065,7,14.0
4066,12,9.0
4067,14,7.0
4068,14,7.0
4069,18,-15.0
4070,19,-25.0
4071,13,-19.0
4072,19,-7.0
4073,20,1.0
4074,22,-1.0
4075,15,6.0
4076,15,6.0
4077,18,3.0
4078,14,7.0
4079,20,1.0
4080,15,-3.0
4081,17,-14.0
4082,19,-25.0
4083,18,-33.0
4084,14,7.0
4085,11,-8.0
4086,28,-52.0
4087,19,2.0
4088,17,4.0
4089,18,-6.0
4090,14,-11.0
4091,11,-8.0
4092,14,-2.0
4093,19,2.0
4094,16,-13.0
4095,22,-37.0
4096,8,4.0
4097,24,-30.0
4098,27,-33.0
4099,24,-21.0
4100,20,-26.0
4101,12,9.0
4102,15,6.0
4103,12,9.0
4104,21,0.0
4105,16,5.0
4106,19,-16.0
4107,18,3.0
4108,15,6.0
4109,17,-5.0
4110,21,-9.0
4111,15,6.0
4112,27,-24.0
4113,25,-4.0
4114,13,-1.0
4115,17,-5.0
4116,24,-21.0
4117,16,5.0
4118,17,4.0
4119,19,-25.0
4120,12,0.0
4121,20,-17.0
4122,9,12.0
4123,17,4.0
4124,15,6.0
4125,17,-14.0
4126,19,-16.0
4127,20,-8.0
4128,17,-14.0
4129,24,-21.0
4130,22,-19.0
4131,21,-9.0
4132,21,-18.0
4133,22,-10.0
4134,10,11.0
4135,12,0.0
4136,19,-7.0
4137,20,-17.0
4138,17,-23.0
4139,18,3.0
4140,12,9.0
4141,18,-24.0
4142,25,-13.0
4143,22,-10.0
4144,21,-9.0
4145,14,-2.0
4146,24,-39.0
4147,17,4.0
4148,19,-16.0
4149,17,-5.0
4150,14,7.0
4151,17,4.0
4152,21,-45.0
4153,20,-8.0
4154,14,7.0
4155,20,-35.0
4156,13,-1.0
4157,17,-14.0
4158,37,-52.0
4159,14,-2.0
4160,18,-15.0
4161,11,10.0
4162,23,-11.0
4163,15,6.0
4164,14,7.0
4165,18,-6.0
4166,17,-23.0
4167,20,-8.0
4168,20,1.0
4169,22,-10.0
4170,17,4.0
4171,12,0.0
4172,16,5.0
4173,21,0.0
4174,13,8.0
4175,9,3.0
4176,14,-2.0
4177,14,-2.0
4178,17,-5.0
4179,18,-24.0
4180,13,8.0
4181,14,7.0
4182,17,4.0
4183,20,-8.0
4184,12,9.0
4185,17,-14.0
4186,10,11.0
4187,23,-11.0
4188,17,-14.0
4189,17,-5.0
4190,21,-18.0
4191,12,9.0
4192,15,-3.0
4193,17,4.0
4194,16,5.0
4195,12,9.0
4196,22,-19.0
4197,15,-12.0
4198,22,-10.0
4199,20,-17.0
4200,13,8.0
4201,15,-30.0
4202,19,2.0
4203,9,12.0
4204,19,-16.0
4205,16,-4.0
4206,17,-5.0
4207,23,-11.0
4208,22,-1.0
4209,17,4.0
4210,22,-1.0
4211,21,0.0
4212,11,1.0
4213,24,-3.0
4214,26,-5.0
4215,18,-24.0
4216,18,3.0
4217,24,-30.0
4218,16,-4.0
4219,10,11.0
4220,17,-14.0
4221,13,8.0
4222,11,10.0
4223,17,-14.0
4224,20,-8.0
4225,18,3.0
4226,14,7.0
4227,15,6.0
4228,14,-11.0
4229,22,-19.0
4230,16,5.0
4231,25,-22.0
4232,16,5.0
4233,14,-11.0
4234,9,3.0
4235,17,-5.0
4236,11,10.0
4237,15,-3.0
4238,28,-43.0
4239,19,-7.0
4240,19,-7.0
4241,19,-16.0
4242,12,0.0
4243,20,-8.0
4244,15,-3.0
4245,14,-11.0
4246,15,-3.0
4247,16,5.0
4248,11,1.0
4249,15,6.0
4250,16,-13.0
4251,12,0.0
4252,22,-19.0
4253,14,7.0
4254,14,7.0
4255,21,0.0
4256,14,7.0
4257,24,-21.0
4258,11,-8.0
4259,13,8.0
4260,11,10.0
4261,11,1.0
4262,9,3.0
4263,26,-5.0
4264,10,2.0
4265,25,-22.0
4266,25,-13.0
4267,11,1.0
4268,17,-5.0
4269,8,13.0
4270,20,-8.0
4271,24,-12.0
4272,12,9.0
4273,17,-5.0
4274,15,6.0
4275,25,-22.0
4276,17,4.0
4277,15,-3.0
4278,29,-44.0
4279,22,-1.0
4280,14,-11.0
4281,14,-2.0
4282,22,-28.0
4283,12,9.0
4284,15,6.0
4285,19,-7.0
4286,15,-3.0
4287,17,-5.0
4288,12,0.0
4289,21,-9.0
4290,16,-13.0
4291,14,-2.0
4292,14,-2.0
4293,15,-3.0
4294,16,5.0
4295,16,5.0
4296,11,10.0
4297,14,-2.0
4298,14,-2.0
4299,15,-3.0
4300,18,-6.0
4301,14,7.0
4302,10,2.0
4303,12,0.0
4304,16,-22.0
4305,11,10.0
4306,23,-29.0
4307,20,-17.0
4308,18,-6.0
4309,24,-21.0
4310,17,-14.0
4311,10,11.0
4312,21,-27.0
4313,17,-14.0
4314,8,4.0
4315,21,0.0
4316,13,-10.0
4317,17,4.0
4318,22,-10.0
4319,14,7.0
4320,17,-5.0
4321,15,-3.0
4322,17,-5.0
4323,18,3.0
4324,16,5.0
4325,19,-7.0
4326,19,-16.0
4327,17,-14.0
4328,17,4.0
4329,16,-13.0
4330,17,4.0
4331,17,4.0
4332,19,-7.0
4333,16,-4.0
4334,27,-15.0
4335,13,-1.0
4336,14,-2.0
4337,12,0.0
4338,12,9.0
4339,23,-20.0
4340,22,-1.0
4341,15,-21.0
4342,13,-1.0
4343,19,2.0
4344,13,-10.0
4345,14,7.0
4346,14,7.0
4347,17,-5.0
4348,13,-1.0
4349,24,-21.0
4350,12,9.0
4351,13,8.0
4352,9,12.0
4353,22,-10.0
4354,19,-16.0
4355,17,4.0
4356,25,-13.0
4357,16,5.0
4358,18,-15.0
4359,21,-36.0
4360,16,5.0
4361,18,-24.0
4362,10,2.0
4363,13,-1.0
4364,15,-3.0
4365,17,-14.0
4366,15,6.0
4367,21,0.0
4368,22,-1.0
4369,10,11.0
4370,16,-13.0
4371,18,-6.0
4372,17,4.0
4373,19,-7.0
4374,29,-26.0
4375,15,6.0
4376,14,7.0
4377,15,-3.0
4378,7,14.0
4379,22,-37.0
4380,13,8.0
4381,23,-11.0
4382,11,1.0
4383,23,-65.0
4384,20,1.0
4385,14,7.0
4386,26,-59.0
4387,15,-3.0
4388,11,10.0
4389,12,9.0
4390,18,3.0
4391,12,9.0
4392,21,-9.0
4393,14,7.0
4394,13,8.0
4395,17,4.0
4396,10,2.0
4397,14,7.0
4398,17,-5.0
4399,14,-2.0
4400,18,-15.0
4401,15,-3.0
4402,12,9.0
4403,16,-4.0
4404,16,5.0
4405,17,4.0
4406,14,-2.0
4407,15,-21.0
4408,14,7.0
4409,17,4.0
4410,10,2.0
4411,22,-28.0
4412,19,-7.0
4413,20,1.0
4414,20,1.0
4415,16,5.0
4416,24,-30.0
4417,20,-17.0
4418,15,6.0
4419,18,3.0
4420,22,-10.0
4421,16,-4.0
4422,8,13.0
4423,23,-11.0
4424,21,-9.0
4425,12,9.0
4426,18,-6.0
4427,20,-17.0
4428,18,-15.0
4429,17,4.0
4430,27,-33.0
4431,28,-43.0
4432,16,5.0
4433,17,4.0
4434,14,-11.0
4435,13,8.0
4436,18,3.0
4437,32,-56.0
4438,17,-5.0
4439,8,-5.0
4440,15,-12.0
4441,17,-5.0
4442,17,-5.0
4443,12,9.0
4444,19,2.0
4445,22,-10.0
4446,19,2.0
4447,12,9.0
4448,17,-5.0
4449,24,-12.0
4450,17,4.0
4451,15,-3.0
4452,20,-8.0
4453,11,10.0
4454,18,-15.0
4455,16,5.0
4456,14,7.0
4457,10,-7.0
4458,11,10.0
4459,10,11.0
4460,15,6.0
4461,23,-29.0
4462,12,9.0
4463,14,-2.0
4464,18,-6.0
4465,17,-5.0
4466,16,5.0
4467,15,-3.0
4468,17,4.0
4469,14,7.0
4470,7,14.0
4471,13,-1.0
4472,14,-2.0
4473,22,-10.0
4474,15,-3.0
4475,17,-5.0
4476,14,7.0
4477,19,2.0
4478,18,3.0
4479,18,-6.0
4480,18,-6.0
4481,8,13.0
4482,18,-6.0
4483,12,0.0
4484,21,-9.0
4485,26,-23.0
4486,16,-4.0
4487,15,-3.0
4488,14,7.0
4489,12,9.0
4490,17,4.0
4491,33,-48.0
4492,16,-13.0
4493,18,-6.0
4494,16,5.0
4495,14,7.0
4496,25,-13.0
4497,23,-20.0
4498,15,6.0
4499,21,-18.0
4500,18,-24.0
4501,22,-10.0
4502,15,6.0
4503,11,10.0
4504,17,-14.0
4505,15,-3.0
4506,18,-6.0
4507,16,5.0
4508,17,4.0
4509,10,11.0
4510,12,0.0
4511,16,-4.0
4512,11,10.0
4513,21,0.0
4514,20,-8.0
4515,20,-8.0
4516,9,12.0
4517,23,-20.0
4518,17,-5.0
4519,10,2.0
4520,27,-6.0
4521,16,-4.0
4522,13,8.0
4523,24,-39.0
4524,23,-2.0
4525,19,-25.0
4526,16,-13.0
4527,11,1.0
4528,25,-13.0
4529,19,-34.0
4530,26,-32.0
4531,15,6.0
4532,17,-14.0
4533,17,4.0
4534,16,5.0
4535,17,-14.0
4536,16,5.0
4537,17,4.0
4538,29,-26.0
4539,13,8.0
4540,18,-6.0
4541,18,-15.0
4542,16,5.0
4543,14,7.0
4544,13,8.0
4545,24,-30.0
4546,21,-54.0
4547,17,-14.0
4548,18,-6.0
4549,22,-28.0
4550,15,-21.0
4551,16,5.0
4552,20,-8.0
4553,16,-4.0
4554,12,9.0
4555,19,2.0
4556,15,-21.0
4557,13,-10.0
4558,18,3.0
4559,24,-39.0
4560,14,7.0
4561,15,-3.0
4562,21,0.0
4563,22,-10.0
4564,16,5.0
4565,15,-3.0
4566,20,-8.0
4567,25,-22.0
4568,17,4.0
4569,17,-5.0
4570,13,8.0
4571,7,14.0
4572,16,5.0
4573,11,10.0
4574,16,5.0
4575,26,-41.0
4576,21,0.0
4577,17,-5.0
4578,22,-1.0
4579,24,-3.0
4580,19,2.0
4581,9,12.0
4582,11,-8.0
4583,21,-27.0
4584,13,8.0
4585,9,12.0
4586,20,-8.0
4587,19,-16.0
4588,13,8.0
4589,23,-20.0
4590,23,-20.0
4591,15,6.0
4592,25,-31.0
4593,13,-1.0
4594,14,-2.0
4595,16,-4.0
4596,19,-16.0
4597,16,-4.0
4598,11,10.0
4599,12,-9.0
4600,15,6.0
4601,14,-11.0
4602,12,9.0
4603,15,-3.0
4604,17,-14.0
4605,20,1.0
4606,26,-41.0
4607,23,-20.0
4608,19,2.0
4609,13,-1.0
4610,12,0.0
4611,13,-1.0
4612,17,-23.0
4613,22,-19.0
4614,21,-9.0
4615,12,0.0
4616,16,5.0
4617,27,-42.0
4618,14,7.0
4619,16,-4.0
4620,13,8.0
4621,11,10.0
4622,17,4.0
4623,19,-16.0
4624,22,-10.0
4625,15,-3.0
4626,15,-12.0
4627,23,-11.0
4628,22,-28.0
4629,20,-8.0
4630,15,-3.0
4631,14,7.0
4632,17,4.0
4633,21,-9.0
4634,32,-56.0
4635,24,-48.0
4636,16,5.0
4637,15,-3.0
4638,21,-27.0
4639,22,-19.0
4640,19,2.0
4641,17,4.0
4642,10,2.0
4643,15,-3.0
4644,18,-6.0
4645,7,14.0
4646,15,-3.0
4647,23,-38.0
4648,20,-26.0
4649,13,-1.0
4650,21,-18.0
4651,13,8.0
4652,21,-9.0
4653,8,4.0
4654,16,5.0
4655,15,-3.0
4656,11,10.0
4657,15,-3.0
4658,19,-16.0
4659,14,7.0
4660,13,-1.0
4661,18,-6.0
4662,18,-24.0
4663,14,7.0
4664,15,6.0
4665,13,8.0
4666,22,-10.0
4667,20,1.0
4668,20,-17.0
4669,21,0.0
4670,17,4.0
4671,14,7.0
4672,16,-13.0
4673,15,6.0
4674,14,-2.0
4675,17,4.0
4676,17,-14.0
4677,10,11.0
4678,23,-20.0
4679,16,5.0
4680,22,-10.0
4681,18,-15.0
4682,10,2.0
4683,16,5.0
4684,13,8.0
4685,21,-18.0
4686,26,-68.0
4687,27,-33.0
4688,19,-34.0
4689,17,-14.0
4690,11,10.0
4691,20,-8.0
4692,20,1.0
4693,17,4.0
4694,10,11.0
4695,25,-22.0
4696,21,-9.0
4697,19,-7.0
4698,14,7.0
4699,10,2.0
4700,17,-5.0
4701,11,1.0
4702,17,4.0
4703,18,3.0
4704,8,13.0
4705,25,-13.0
4706,14,-2.0
4707,22,-10.0
4708,14,-11.0
4709,12,9.0
4710,13,8.0
4711,15,6.0
4712,22,-1.0
4713,16,-4.0
4714,13,8.0
4715,14,7.0
4716,12,9.0
4717,18,-24.0
4718,8,13.0
4719,20,-8.0
4720,20,-8.0
4721,12,9.0
4722,30,-54.0
4723,18,3.0
4724,15,-12.0
4725,19,-7.0
4726,21,-9.0
4727,12,0.0
4728,14,7.0
4729,16,-4.0
4730,19,-7.0
4731,14,-11.0
4732,20,-17.0
4733,18,-6.0
4734,20,-8.0
4735,26,-23.0
4736,16,5.0
4737,18,-6.0
4738,20,-26.0
4739,17,4.0
4740,27,-33.0
4741,19,-25.0
4742,13,-1.0
4743,19,-16.0
4744,15,6.0
4745,11,1.0
4746,21,-9.0
4747,15,6.0
4748,11,1.0
4749,32,-56.0
4750,14,-2.0
4751,14,7.0
4752,12,9.0
4753,22,-10.0
4754,15,-3.0
4755,14,7.0
4756,9,12.0
4757,17,-5.0
4758,18,-6.0
4759,14,7.0
4760,10,11.0
4761,12,9.0
4762,9,3.0
4763,20,1.0
4764,10,11.0
4765,15,-3.0
4766,15,-3.0
4767,17,-5.0
4768,15,-3.0
4769,11,1.0
4770,22,-1.0
4771,18,3.0
4772,25,-4.0
4773,15,-3.0
4774,38,-53.0
4775,18,-6.0
4776,11,1.0
4777,17,-5.0
4778,8,4.0
4779,13,-1.0
4780,20,1.0
4781,15,-3.0
4782,22,-10.0
4783,15,-21.0
4784,15,6.0
4785,16,-4.0
4786,18,-6.0
4787,18,-6.0
4788,19,-16.0
4789,14,-2.0
4790,21,-27.0
4791,13,8.0
4792,14,-2.0
4793,16,-4.0
4794,13,-1.0
4795,10,2.0
4796,18,-15.0
4797,17,-23.0
4798,23,-20.0
4799,23,-20.0
4800,17,-5.0
4801,20,1.0
4802,12,9.0
4803,19,2.0
4804,12,0.0
4805,20,-8.0
4806,13,-1.0
4807,20,-8.0
4808,12,9.0
4809,12,0.0
4810,25,-13.0
4811,18,3.0
4812,18,-6.0
4813,17,-5.0
4814,19,2.0
4815,15,6.0
4816,11,10.0
4817,17,-14.0
4818,18,-15.0
4819,19,-25.0
4820,8,13.0
4821,18,-15.0
4822,15,6.0
4823,15,6.0
4824,13,-1.0
4825,17,4.0
4826,24,-30.0
4827,22,-28.0
4828,11,1.0
4829,17,4.0
4830,18,-15.0
4831,18,-6.0
4832,17,4.0
4833,13,-1.0
4834,11,10.0
4835,14,7.0
4836,16,-13.0
4837,21,0.0
4838,25,-31.0
4839,30,-36.0
4840,25,-13.0
4841,19,-25.0
4842,22,-10.0
4843,23,-20.0
4844,8,13.0
4845,23,-20.0
4846,21,-18.0
4847,25,-31.0
4848,23,-2.0
4849,23,-11.0
4850,20,1.0
4851,25,-31.0
4852,18,3.0
4853,23,-20.0
4854,14,-11.0
4855,14,7.0
4856,21,-18.0
4857,17,-23.0
4858,13,8.0
4859,16,-13.0
4860,8,13.0
4861,22,-19.0
4862,15,-3.0
4863,13,8.0
4864,15,6.0
4865,16,-4.0
4866,11,-8.0
4867,26,-14.0
4868,17,-5.0
4869,24,-39.0
4870,14,-2.0
4871,21,0.0
4872,16,5.0
4873,23,-47.0
4874,17,-5.0
4875,22,-10.0
4876,15,-12.0
4877,18,-6.0
4878,17,-5.0
4879,17,-14.0
4880,20,-8.0
4881,13,-10.0
4882,14,7.0
4883,9,3.0
4884,23,-2.0
4885,15,-3.0
4886,16,-4.0
4887,16,5.0
4888,13,8.0
4889,12,9.0
4890,35,-32.0
4891,13,8.0
4892,20,-17.0
4893,17,-14.0
4894,10,11.0
4895,19,2.0
4896,16,-4.0
4897,18,-6.0
4898,14,7.0
4899,18,3.0
4900,18,3.0
4901,13,8.0
4902,25,-22.0
4903,32,-38.0
4904,21,-18.0
4905,14,-2.0
4906,14,-2.0
4907,18,-24.0
4908,15,-3.0
4909,21,-27.0
4910,21,-45.0
4911,18,3.0
4912,11,10.0
4913,24,-3.0
4914,30,-54.0
4915,21,-27.0
4916,15,6.0
4917,15,6.0
4918,15,6.0
4919,14,7.0
4920,17,-14.0
4921,31,-28.0
4922,19,-7.0
4923,17,-5.0
4924,15,-3.0
4925,15,-3.0
4926,10,11.0
4927,19,-7.0
4928,20,-26.0
4929,17,4.0
4930,13,8.0
4931,12,9.0
4932,13,-1.0
4933,14,-2.0
4934,15,6.0
4935,14,7.0
4936,10,11.0
4937,28,-25.0
4938,16,-4.0
4939,17,-14.0
4940,11,1.0
4941,15,-12.0
4942,19,-25.0
4943,19,2.0
4944,15,-3.0
4945,13,-1.0
4946,15,-3.0
4947,13,-10.0
4948,10,11.0
4949,17,-5.0
4950,25,-31.0
4951,18,-24.0
4952,14,-2.0
4953,17,-5.0
4954,12,0.0
4955,11,1.0
4956,16,-4.0
4957,16,-13.0
4958,14,7.0
4959,18,-6.0
4960,13,-1.0
4961,24,-30.0
4962,12,9.0
4963,20,1.0
4964,19,2.0
4965,20,-8.0
4966,26,-14.0
4967,14,-2.0
4968,11,10.0
4969,15,-12.0
4970,15,6.0
4971,15,6.0
4972,15,6.0
4973,21,-36.0
4974,18,-15.0
4975,10,11.0
4976,13,-1.0
4977,10,2.0
4978,13,8.0
4979,12,9.0
4980,15,6.0
4981,9,12.0
4982,20,-8.0
4983,16,5.0
4984,15,-3.0
4985,15,-12.0
4986,17,4.0
4987,15,-12.0
4988,16,-4.0
4989,19,-7.0
4990,16,-4.0
4991,13,-1.0
4992,19,2.0
4993,16,5.0
4994,15,-12.0
4995,14,7.0
4996,10,2.0
4997,11,10.0
4998,19,-7.0
4999,19,-7.0
5000,18,-24.0
